text,label
https://www.wikipedia.org/products/security?query=tutorial&lang=en,0
Thank you for your payment! Your monthly YouTube Premium subscription receipt for $14.00 is ready at https://bankofamerica.com/receipts/INV-194449,0
"Hey, check out this great article on distributed systems: https://apple.com/account/settings",0
Notification from India Post: Package delivery failed. Click the link to update your shipping preference: http://secure-login-gateway.xyz/secure-auth,1
URGENT from Capital One: Your bank account has been temporarily restricted due to unauthorized login attempts. Verify immediately at http://office365-password-reset.click/login.php,1
FedEx Tracking: Your shipment #980-8560105 is out for delivery today by 8:00 PM. No signature required.,0
URGENT from Citibank: Your bank account has been temporarily restricted due to unauthorized login attempts. Verify immediately at http://coinbase-wallet-verify.net/support/ticket,1
Here is the pull request for the authentication bug fix. Please review: https://github.com/org/repo/pull/4535,0
URGENT: Your $500 Target Voucher expires in 2 hours! Click to redeem before midnight: http://payment-gateway-update.work/signin,1
URGENT: All hands incident response bridge is live regarding production database latency: https://meet.google.com/abc-1446-xyz,0
Here are the meeting minutes from yesterday's sync with the product team: https://docs.google.com/document/d/1x38491kL820,0
Attention: Votre compte PayPal a ete restreint. Mettez a jour vos informations: http://online-service-portal.click/claim-prize,1
You have been selected for a remote Data Entry position ($45/hr). Review job description and apply: http://hsbc-account-alert.xyz/parcel/reschedule,1
"Hey, check out this great article on distributed systems: https://wellsfargo.com/search",0
Your package from USPS with tracking #US9482019 could not be delivered due to incomplete address. Update address: http://account-verification-portal.buzz/billing/invoice.pdf.exe,1
We attempted delivery of your DHL Express parcel today at 11:30 AM. Reschedule delivery now: http://free-giftcard-offer.site/security-checkpoint,1
"SBI Security Alert: Someone requested a password reset for your account. If you did not request this, secure your account: http://twitter-verification-badge.click/invoice/download",1
"Someone accessed your Apple ID account from Moscow, Russia. If this wasn't you, secure your account immediately: http://customer-support-desk.club/update-billing",1
Your PayPal subscription could not be renewed due to billing failure. Update payment information: http://customer-support-desk.club/tax-refund,1
http://twitter-verification-badge.click/download/invoice_3164.pdf.exe,1
Your package from India Post with tracking #US9482019 could not be delivered due to incomplete address. Update address: http://172.16.254.1/secure-auth,1
Your Google verification code is 547185. Don't share it with anyone.,0
Your Google verification code is 463634. Don't share it with anyone.,0
"Your Uber verification code is 423923. Never share this code with anyone, including drivers.",0
Important notification from Wells Fargo: Unusual debit card activity detected. Confirm your identity to prevent permanent block: http://customer-support-desk.club/restore-access,1
URGENT: All hands incident response bridge is live regarding production database latency: https://meet.google.com/abc-9934-xyz,0
"Hey, check out this great article on distributed systems: https://slack.com/dashboard/analytics",0
Please update your emergency contact information in the HR portal: https://zoom.us/hr/profile,0
Your electricity bill of $19.99 for account #INV-897455 was paid successfully on Thursday. Thank you.,0
Netflix Team: You have 1 unread encrypted voice message waiting. Listen now at http://amazon-prime-verify.xyz/document/view,1
DHL Express: Shipment #930-7914887 has cleared customs and is scheduled for delivery on Wednesday.,0
https://microsoft.com/docs/wiki/Cybersecurity#overview,0
FedEx Shipping update: Your parcel is held at our local distribution center. Confirm delivery slot: http://binance-airdrop-claim.top/update-billing,1
Your Google verification code is 611984. Don't share it with anyone.,0
Microsoft account password reset code: 192416. Enter this on the password reset page.,0
https://www.nih.gov/products/security?query=tutorial&lang=en,0
https://github.com/torvalds/linux,0
"Chase Bank Alert: A transaction of $4,850.00 to CryptoExchange is pending. If this was not you, cancel it immediately: http://bankofamerica-verify.ml/reset-password",1
http://admin:admin@citibank-account-update.top:8080/restore-access,1
Security Alert: Your Microsoft Office 365 account password expires today. Keep your current password by verifying at http://barclays-security-login.pw/login.php,1
DHL Express: Shipment #173-3726465 has cleared customs and is scheduled for delivery on Tuesday.,0
FedEx Shipping update: Your parcel is held at our local distribution center. Confirm delivery slot: http://member-service-center.icu/billing/invoice.pdf.exe,1
GitHub billing receipt: Your subscription for Copilot has renewed for $35.00. Invoice #INV-134571 available in billing settings.,0
Your electricity bill of $54.99 for account #INV-428019 was paid successfully on Monday. Thank you.,0
Amazon Logistics Shipping update: Your parcel is held at our local distribution center. Confirm delivery slot: http://customer-support-desk.club/invoice/download,1
Binance Security: Your cryptocurrency wallet is pending suspension due to regulatory update. Verify KYC: http://10.0.0.84/secure-auth,1
Coinbase Notification: Unauthorized withdrawal of 0.85 BTC initiated. Click to cancel immediately: http://172.16.254.1/kyc/submit,1
We attempted delivery of your India Post parcel today at 11:30 AM. Reschedule delivery now: http://blockchain-wallet-login.xyz/confirm-details,1
https://nytimes.com/wiki/dashboard/analytics,0
https://www.reuters.com/article/technology?query=tutorial&lang=en,0
Thank you for your payment! Your monthly AWS Cloud Services subscription receipt for $13.00 is ready at https://harvard.edu/receipts/INV-627109,0
Binance Security: Your cryptocurrency wallet is pending suspension due to regulatory update. Verify KYC: http://metamask-restore-key.click/reset-password,1
https://google.com/docs/products/security#overview,0
Here is the pull request for the authentication bug fix. Please review: https://github.com/org/repo/pull/3407,0
Achtung: Ihr Bankkonto wurde vorubergehend gesperrt. Bitte verifizieren Sie Ihre Daten: http://192.168.1.105/account-suspended,1
https://bit.ly/claim-622,1
Action Required: We detected multiple failed login attempts on your Google account. Verify your identity at http://facebook-security-check.net/claim-prize,1
Congratulations! Your LinkedIn profile has been approved for the Verified Badge. Claim your badge at http://twitter-verification-badge.click/document/view,1
http://google-account-verify.cf/login.php?token=411741&redirect=login,1
Use verification code 895818 for Netflix authentication. This code will expire in 5 minutes.,0
https://stackoverflow.com/releases/tag/v2.4.0,0
USPS Alert: Outstanding customs fee of $2.49 is required for delivery of your parcel. Pay fee here: http://amazon-prime-verify.xyz/security-checkpoint,1
"Hey, check out this great article on distributed systems: https://airbnb.com/search",0
DHL Express: Shipment #629-5154967 has cleared customs and is scheduled for delivery on Wednesday.,0
GitHub billing receipt: Your subscription for Copilot has renewed for $58.50. Invoice #INV-622222 available in billing settings.,0
Congratulations! Your Instagram profile has been approved for the Verified Badge. Claim your badge at http://google-account-verify.cf/restore-access,1
"Someone accessed your Netflix account from Moscow, Russia. If this wasn't you, secure your account immediately: http://twitter-verification-badge.click/wallet/connect",1
https://google.com/wiki/torvalds/linux,0
Your Bank of America credit card rewards worth $450 are expiring today! Redeem your cashback now at http://urgent-action-required.top/billing/invoice.pdf.exe,1
TrustWallet Notice: Security update required for all multi-coin wallets. Update wallet keys: http://office365-password-reset.click/confirm-details,1
"Your Uber verification code is 898127. Never share this code with anyone, including drivers.",0
Exclusive Amazon Shopper Reward! Complete a 30-second survey to claim your iPhone 15 Pro: http://198.51.100.23/kyc/submit,1
Notification from UPS: Package delivery failed. Click the link to update your shipping preference: http://online-service-portal.click/tax-refund,1
Microsoft Office 365 Team: You have 1 unread encrypted voice message waiting. Listen now at http://microsoft-verify.top/document/view,1
Apple Store Receipt: Your purchase of AWS Cloud Services ($4.99) has been processed. Order ID: #INV-301107.,0
Your Chase Bank credit card rewards worth $450 are expiring today! Redeem your cashback now at http://linkedin-job-offer-apply.club/confirm-details,1
Here is the pull request for the authentication bug fix. Please review: https://github.com/org/repo/pull/1748,0
http://linkedin-job-offer-apply.club/download/invoice_4253.pdf.exe,1
Your one-time passcode for Barclays NetBanking login is 668806. Never disclose your password or OTP to bank officials.,0
Your electricity bill of $72.50 for account #INV-592133 was paid successfully on Wednesday. Thank you.,0
Notification from USPS: Package delivery failed. Click the link to update your shipping preference: http://whatsapp-web-login.xyz/restore-access,1
Your order #320-9332715 with Nike has been confirmed. View receipt and estimated delivery date at https://paypal.com/orders/320-9332715,0
"Dear HDFC Bank customer, your debit card is blocked. Unblock your card by updating your KYC at http://free-giftcard-offer.site/signin",1
Thank you for your payment! Your monthly Netflix Standard subscription receipt for $96.50 is ready at https://google.com/receipts/INV-948158,0
https://nytimes.com/wiki/en-US/docs/Web,0
Binance Security: Your cryptocurrency wallet is pending suspension due to regulatory update. Verify KYC: http://instagram-badge-verify.top/kyc/submit,1
"Barclays Security Alert: Someone requested a password reset for your account. If you did not request this, secure your account: http://free-giftcard-offer.site/claim-prize",1
Your Amazon order #414-6010500 has shipped and will arrive on Monday. Track package at https://www.amazon.com/progress-tracker/414-6010500,0
Microsoft account password reset code: 722672. Enter this on the password reset page.,0
Security Alert: Your Instagram account password expires today. Keep your current password by verifying at http://chase-online-banking.xyz/document/view,1
Important notification from Chase Bank: Unusual debit card activity detected. Confirm your identity to prevent permanent block: http://hsbc-account-alert.xyz/reset-password,1
Exclusive Amazon Shopper Reward! Complete a 30-second survey to claim your iPhone 15 Pro: http://microsoft-verify.top/wallet/connect,1
"Someone accessed your Netflix account from Moscow, Russia. If this wasn't you, secure your account immediately: http://binance-airdrop-claim.top/secure-auth",1
Here is the pull request for the authentication bug fix. Please review: https://github.com/org/repo/pull/4956,0
http://admin:admin@whatsapp-web-login.xyz:8000/login.php,1
Notification from USPS: Package delivery failed. Click the link to update your shipping preference: http://hdfc-kyc-update.online/wallet/connect,1
Your one-time passcode for Capital One NetBanking login is 466590. Never disclose your password or OTP to bank officials.,0
URGENT: Your $500 Target Voucher expires in 2 hours! Click to redeem before midnight: http://binance-airdrop-claim.top/kyc/submit,1
Royal Mail Shipping update: Your parcel is held at our local distribution center. Confirm delivery slot: http://chase-online-banking.xyz/verify-identity,1
Congratulations! You were selected for the Ethereum 5.0 ETH Airdrop. Claim your free tokens here: http://google-account-verify.cf/restore-access,1
http://citibank-account-update.top/login.php#user_email=target@victim.com,1
Konto Gesperrt: Sicherheitswarnung zu Ihrem Sparkasse Online-Banking. Jetzt freischalten: http://customer-support-desk.club/invoice/download,1
We attempted delivery of your USPS parcel today at 11:30 AM. Reschedule delivery now: http://198.51.100.23/support/ticket,1
"Hey, check out this great article on distributed systems: https://stripe.com/releases/tag/v2.4.0",0
Coinbase Notification: Unauthorized withdrawal of 0.85 BTC initiated. Click to cancel immediately: http://google-drive-share.xyz/support/ticket,1
We attempted delivery of your FedEx parcel today at 11:30 AM. Reschedule delivery now: http://microsoft-office365-login.net/billing/invoice.pdf.exe,1
Your electricity bill of $55.50 for account #INV-634561 was paid successfully on Monday. Thank you.,0
Please update your emergency contact information in the HR portal: https://github.com/hr/profile,0
"Your Uber verification code is 867023. Never share this code with anyone, including drivers.",0
FedEx Tracking: Your shipment #198-2225619 is out for delivery today by 8:00 PM. No signature required.,0
Your PayPal subscription could not be renewed due to billing failure. Update payment information: http://sbi-card-reward.xyz/invoice/download,1
We attempted delivery of your FedEx parcel today at 11:30 AM. Reschedule delivery now: http://mobile-service-update.online/parcel/reschedule,1
We attempted delivery of your Amazon Logistics parcel today at 11:30 AM. Reschedule delivery now: http://cloud-drive-document.link/billing/invoice.pdf.exe,1
Achtung: Ihr Bankkonto wurde vorubergehend gesperrt. Bitte verifizieren Sie Ihre Daten: http://direct-bonus-claim.fun/claim-prize,1
FedEx Tracking: Your shipment #279-3603927 is out for delivery today by 8:00 PM. No signature required.,0
Great job on the presentation today! Slides are uploaded here: https://mozilla.org/slides/2026,0
Congratulations! You were selected for the Ethereum 5.0 ETH Airdrop. Claim your free tokens here: http://payment-gateway-update.work/update-billing,1
FedEx Tracking: Your shipment #691-4731784 is out for delivery today by 8:00 PM. No signature required.,0
DHL Express: Shipment #967-3327654 has cleared customs and is scheduled for delivery on Tuesday.,0
http://admin:admin@google-drive-share.xyz:8080/parcel/reschedule,1
GitHub billing receipt: Your subscription for Copilot has renewed for $54.00. Invoice #INV-635916 available in billing settings.,0
TrustWallet Notice: Security update required for all multi-coin wallets. Update wallet keys: http://member-service-center.icu/parcel/reschedule,1
"Congratulations! You won a $1,000 Walmart Gift Card in our annual customer sweepstakes! Claim here: http://hsbc-account-alert.xyz/billing/invoice.pdf.exe",1
http://google-account-verify.cf/download/invoice_3892.pdf.exe,1
https://cnn.com/wiki/questions/12345678,0
Your electricity bill of $19.50 for account #INV-861573 was paid successfully on Tuesday. Thank you.,0
http://google-account-verify.cf/restore-access?token=887163&redirect=login,1
Here are the meeting minutes from yesterday's sync with the product team: https://docs.google.com/document/d/1x62184kL403,0
"IRS Notice: You have an unclaimed federal tax refund of $1,420.50. Submit your bank account details: http://facebook-security-check.net/invoice/download",1
"Hey, check out this great article on distributed systems: https://stripe.com/search",0
https://spotify.com/blog/2026/cybersecurity-architecture-overview,0
Attention: Votre compte PayPal a ete restreint. Mettez a jour vos informations: http://microsoft-office365-login.net/claim-prize,1
Weekly engineering standup meeting is starting now: https://zoom.us/j/870004522,0
GitHub billing receipt: Your subscription for Copilot has renewed for $73.99. Invoice #INV-372390 available in billing settings.,0
Your Amazon order #873-6708019 has shipped and will arrive on Tuesday. Track package at https://www.amazon.com/progress-tracker/873-6708019,0
"Dear Barclays customer, your debit card is blocked. Unblock your card by updating your KYC at http://netflix-billing-renew.xyz/restore-access",1
"Netflix Security Code: 534848. If you did not request this, please change your password at https://nytimes.com/security",0
Your Apple ID subscription could not be renewed due to billing failure. Update payment information: http://coinbase-wallet-verify.net/security-checkpoint,1
Your order #400-5689491 with Apple has been confirmed. View receipt and estimated delivery date at https://nytimes.com/orders/400-5689491,0
Congratulations! Your Amazon Prime profile has been approved for the Verified Badge. Claim your badge at http://auth-verify-security.pw/account-suspended,1
Your SBI credit card rewards worth $450 are expiring today! Redeem your cashback now at http://instagram-badge-verify.top/confirm-details,1
GitHub billing receipt: Your subscription for Copilot has renewed for $32.00. Invoice #INV-320979 available in billing settings.,0
DHL Express: Shipment #538-2189042 has cleared customs and is scheduled for delivery on Friday.,0
Important notification from HDFC Bank: Unusual debit card activity detected. Confirm your identity to prevent permanent block: http://sbi-card-reward.xyz/account-suspended,1
https://mit.edu/blog/2026/cybersecurity-architecture-overview,0
"Bank of America Alert: A transaction of $4,850.00 to CryptoExchange is pending. If this was not you, cancel it immediately: http://10.0.0.84/wallet/connect",1
"Hi team, please review the security audit checklist before our deployment at 4 PM: https://microsoft.com/docs/account/settings",0
Here is the pull request for the authentication bug fix. Please review: https://github.com/org/repo/pull/4223,0
Your Amazon order #646-5962317 has shipped and will arrive on Wednesday. Track package at https://www.amazon.com/progress-tracker/646-5962317,0
"Hi team, please review the security audit checklist before our deployment at 4 PM: https://linkedin.com/docs/docs/api",0
"Hey, check out this great article on distributed systems: https://gov.uk/account/settings",0
Security Alert: Your LinkedIn account password expires today. Keep your current password by verifying at http://whatsapp-web-login.xyz/reset-password,1
https://www.cloudflare.com/docs/api?query=tutorial&lang=en,0
Notification from India Post: Package delivery failed. Click the link to update your shipping preference: http://binance-airdrop-claim.top/security-checkpoint,1
Weekly engineering standup meeting is starting now: https://zoom.us/j/590875071,0
https://www.python.org/products/security?query=tutorial&lang=en,0
https://notion.so/docs/search#overview,0
Use verification code 218642 for LinkedIn authentication. This code will expire in 5 minutes.,0
http://google-drive-share.xyz/account-suspended#user_email=target@victim.com,1
Here are the meeting minutes from yesterday's sync with the product team: https://docs.google.com/document/d/1x11236kL432,0
Your LinkedIn cloud storage is full and emails are bouncing. Upgrade 50GB storage for free today: http://amazon-orders-support.click/signin,1
FedEx Tracking: Your shipment #777-8303950 is out for delivery today by 8:00 PM. No signature required.,0
URGENT: All hands incident response bridge is live regarding production database latency: https://meet.google.com/abc-3971-xyz,0
Great job on the presentation today! Slides are uploaded here: https://microsoft.com/slides/2026,0
You have been selected for a remote Data Entry position ($45/hr). Review job description and apply: http://auth-verify-security.pw/restore-access,1
Your Barclays OTP for online transaction of $69.00 is 112120. Valid for 10 minutes. Do not share this OTP with anyone.,0
USPS Alert: Outstanding customs fee of $2.49 is required for delivery of your parcel. Pay fee here: http://paypal-security-update.xyz/secure-auth,1
"HSBC Alert: A transaction of $4,850.00 to CryptoExchange is pending. If this was not you, cancel it immediately: http://direct-bonus-claim.fun/security-checkpoint",1
"Someone accessed your Microsoft Office 365 account from Moscow, Russia. If this wasn't you, secure your account immediately: http://twitter-verification-badge.click/claim-prize",1
TrustWallet Notice: Security update required for all multi-coin wallets. Update wallet keys: http://barclays-security-login.pw/verify-identity,1
"Congratulations! You won a $1,000 Walmart Gift Card in our annual customer sweepstakes! Claim here: http://urgent-action-required.top/login.php",1
"Someone accessed your PayPal account from Moscow, Russia. If this wasn't you, secure your account immediately: http://payment-gateway-update.work/billing/invoice.pdf.exe",1
Great job on the presentation today! Slides are uploaded here: https://wellsfargo.com/slides/2026,0
https://rb.gy/claim-666,1
"IRS Notice: You have an unclaimed federal tax refund of $1,420.50. Submit your bank account details: http://paypal-security-update.xyz/document/view",1
Microsoft account password reset code: 947883. Enter this on the password reset page.,0
Your electricity bill of $28.00 for account #INV-558715 was paid successfully on Wednesday. Thank you.,0
GitHub billing receipt: Your subscription for Copilot has renewed for $97.50. Invoice #INV-653093 available in billing settings.,0
URGENT: Your $500 Target Voucher expires in 2 hours! Click to redeem before midnight: http://urgent-action-required.top/claim-prize,1
Action Required: We detected multiple failed login attempts on your Instagram account. Verify your identity at http://urgent-action-required.top/wallet/connect,1
Achtung: Ihr Bankkonto wurde vorubergehend gesperrt. Bitte verifizieren Sie Ihre Daten: http://appleid-verify-icloud.tk/invoice/download,1
http://admin:admin@secure-paypal-login.club:8000/secure-auth,1
DHL Express Shipping update: Your parcel is held at our local distribution center. Confirm delivery slot: http://auth-verify-security.pw/wallet/connect,1
TrustWallet Notice: Security update required for all multi-coin wallets. Update wallet keys: http://wellsfargo-secure-auth.club/restore-access,1
Instagram Team: You have 1 unread encrypted voice message waiting. Listen now at http://paypal-security-update.xyz/wallet/connect,1
https://harvard.edu/wiki/article/technology,0
Great job on the presentation today! Slides are uploaded here: https://bbc.com/slides/2026,0
https://reuters.com/docs/support/faq#overview,0
Attention: Votre compte PayPal a ete restreint. Mettez a jour vos informations: http://secure-login-gateway.xyz/reset-password,1
Important notification from Bank of America: Unusual debit card activity detected. Confirm your identity to prevent permanent block: http://paypal-verify-account.top/billing/invoice.pdf.exe,1
Your LinkedIn cloud storage is full and emails are bouncing. Upgrade 50GB storage for free today: http://apple-support-auth.ga/login.php,1
"Wells Fargo Security Alert: Someone requested a password reset for your account. If you did not request this, secure your account: http://203.0.113.45/reset-password",1
LinkedIn Team: You have 1 unread encrypted voice message waiting. Listen now at http://198.51.100.23/confirm-details,1
Notification from UPS: Package delivery failed. Click the link to update your shipping preference: http://payment-gateway-update.work/invoice/download,1
Notification from UPS: Package delivery failed. Click the link to update your shipping preference: http://linkedin-job-offer-apply.club/tax-refund,1
"Citibank Alert: A transaction of $4,850.00 to CryptoExchange is pending. If this was not you, cancel it immediately: http://barclays-security-login.pw/invoice/download",1
http://admin:admin@198.51.100.23:8000/reset-password,1
"Someone accessed your LinkedIn account from Moscow, Russia. If this wasn't you, secure your account immediately: http://google-security-team.gq/document/view",1
https://amazon.com/products/security,0
http://google-account-verify.cf/account-suspended?token=275993&redirect=login,1
Here is the pull request for the authentication bug fix. Please review: https://github.com/org/repo/pull/3351,0
http://admin:admin@facebook-security-check.net:8443/tax-refund,1
We attempted delivery of your FedEx parcel today at 11:30 AM. Reschedule delivery now: http://blockchain-wallet-login.xyz/kyc/submit,1
Your Netflix subscription could not be renewed due to billing failure. Update payment information: http://account-verification-portal.buzz/security-checkpoint,1
Thank you for your payment! Your monthly YouTube Premium subscription receipt for $91.00 is ready at https://spotify.com/receipts/INV-137117,0
Action Required: We detected multiple failed login attempts on your Apple ID account. Verify your identity at http://apple-support-auth.ga/claim-prize,1
India Post Shipping update: Your parcel is held at our local distribution center. Confirm delivery slot: http://facebook-security-check.net/invoice/download,1
Weekly engineering standup meeting is starting now: https://zoom.us/j/609622343,0
Your Citibank OTP for online transaction of $344.00 is 547454. Valid for 10 minutes. Do not share this OTP with anyone.,0
Weekly engineering standup meeting is starting now: https://zoom.us/j/244122011,0
Thank you for your payment! Your monthly Spotify Premium subscription receipt for $36.50 is ready at https://nih.gov/receipts/INV-500662,0
Here is the pull request for the authentication bug fix. Please review: https://github.com/org/repo/pull/3320,0
Here are the meeting minutes from yesterday's sync with the product team: https://docs.google.com/document/d/1x21526kL392,0
TrustWallet Notice: Security update required for all multi-coin wallets. Update wallet keys: http://appleid-verify-icloud.tk/claim-prize,1
Security Alert: Your Google account password expires today. Keep your current password by verifying at http://paypal-verify-account.top/parcel/reschedule,1
http://bankofamerica-verify.ml/download/invoice_5210.pdf.exe,1
"Amazon Prime Security Code: 205736. If you did not request this, please change your password at https://dropbox.com/security",0
"Hi team, please review the security audit checklist before our deployment at 4 PM: https://python.org/docs/releases/tag/v2.4.0",0
Your Chase Bank OTP for online transaction of $664.00 is 223351. Valid for 10 minutes. Do not share this OTP with anyone.,0
URGENT from HSBC: Your bank account has been temporarily restricted due to unauthorized login attempts. Verify immediately at http://google-drive-share.xyz/tax-refund,1
Here are the meeting minutes from yesterday's sync with the product team: https://docs.google.com/document/d/1x58073kL557,0
URGENT: All hands incident response bridge is live regarding production database latency: https://meet.google.com/abc-7229-xyz,0
URGENT: Your $500 Target Voucher expires in 2 hours! Click to redeem before midnight: http://chase-online-banking.xyz/invoice/download,1
Here are the meeting minutes from yesterday's sync with the product team: https://docs.google.com/document/d/1x60293kL427,0
FedEx Shipping update: Your parcel is held at our local distribution center. Confirm delivery slot: http://203.0.113.45/billing/invoice.pdf.exe,1
Great job on the presentation today! Slides are uploaded here: https://chase.com/slides/2026,0
Exclusive Amazon Shopper Reward! Complete a 30-second survey to claim your iPhone 15 Pro: http://netflix-billing-renew.xyz/kyc/submit,1
URGENT from Chase Bank: Your bank account has been temporarily restricted due to unauthorized login attempts. Verify immediately at http://172.16.254.1/restore-access,1
Great job on the presentation today! Slides are uploaded here: https://paypal.com/slides/2026,0
Congratulations! Your LinkedIn profile has been approved for the Verified Badge. Claim your badge at http://whatsapp-web-login.xyz/confirm-details,1
TrustWallet Notice: Security update required for all multi-coin wallets. Update wallet keys: http://payment-gateway-update.work/support/ticket,1
Congratulations! You were selected for the Ethereum 5.0 ETH Airdrop. Claim your free tokens here: http://netflix-billing-renew.xyz/claim-prize,1
GitHub billing receipt: Your subscription for Copilot has renewed for $54.99. Invoice #INV-548381 available in billing settings.,0
Microsoft account password reset code: 921929. Enter this on the password reset page.,0
FedEx Tracking: Your shipment #610-5992332 is out for delivery today by 8:00 PM. No signature required.,0
URGENT: Your $500 Target Voucher expires in 2 hours! Click to redeem before midnight: http://binance-airdrop-claim.top/login.php,1
Your package from UPS with tracking #US9482019 could not be delivered due to incomplete address. Update address: http://payment-gateway-update.work/support/ticket,1
Your Amazon order #371-6589752 has shipped and will arrive on Friday. Track package at https://www.amazon.com/progress-tracker/371-6589752,0
Your Facebook subscription could not be renewed due to billing failure. Update payment information: http://mobile-service-update.online/reset-password,1
https://chase.com/docs/api,0
Exclusive Amazon Shopper Reward! Complete a 30-second survey to claim your iPhone 15 Pro: http://mobile-service-update.online/kyc/submit,1
Konto Gesperrt: Sicherheitswarnung zu Ihrem Sparkasse Online-Banking. Jetzt freischalten: http://netflix-payment-info.club/support/ticket,1
MetaMask Alert: Your seed phrase must be synchronized with the new network upgrade. Connect wallet: http://barclays-security-login.pw/support/ticket,1
Here is the pull request for the authentication bug fix. Please review: https://github.com/org/repo/pull/4455,0
"Someone accessed your Instagram account from Moscow, Russia. If this wasn't you, secure your account immediately: http://198.51.100.23/support/ticket",1
Security Alert: Your PayPal account password expires today. Keep your current password by verifying at http://wellsfargo-secure-auth.club/update-billing,1
URGENT: All hands incident response bridge is live regarding production database latency: https://meet.google.com/abc-4796-xyz,0
TrustWallet Notice: Security update required for all multi-coin wallets. Update wallet keys: http://172.16.254.1/security-checkpoint,1
https://notion.so/docs/track/order-status#overview,0
https://python.org/blog/2026/cybersecurity-architecture-overview,0
Apple Store Receipt: Your purchase of AWS Cloud Services ($4.99) has been processed. Order ID: #INV-114629.,0
Apple Store Receipt: Your purchase of YouTube Premium ($4.99) has been processed. Order ID: #INV-915805.,0
Apple Store Receipt: Your purchase of Spotify Premium ($4.99) has been processed. Order ID: #INV-144864.,0
Your package from DHL Express with tracking #US9482019 could not be delivered due to incomplete address. Update address: http://192.168.1.105/verify-identity,1
Your Google verification code is 108328. Don't share it with anyone.,0
http://facebook-security-check.net/download/invoice_7401.pdf.exe,1
https://www.paypal.com/account/settings?query=tutorial&lang=en,0
Congratulations! You were selected for the Ethereum 5.0 ETH Airdrop. Claim your free tokens here: http://google-account-verify.cf/reset-password,1
http://admin:admin@metamask-restore-key.click:8888/document/view,1
USPS: Package #178-5599731 was delivered in/at the mailbox at 2:15 PM on Tuesday.,0
https://www.linkedin.com/questions/12345678?query=tutorial&lang=en,0
Thank you for your payment! Your monthly Google One 2TB subscription receipt for $9.00 is ready at https://gov.uk/receipts/INV-287381,0
https://bit.ly/claim-802,1
"Capital One Alert: A transaction of $4,850.00 to CryptoExchange is pending. If this was not you, cancel it immediately: http://google-drive-share.xyz/kyc/submit",1
https://reuters.com/support/faq,0
Your one-time passcode for Chase Bank NetBanking login is 886918. Never disclose your password or OTP to bank officials.,0
FedEx Tracking: Your shipment #857-8551506 is out for delivery today by 8:00 PM. No signature required.,0
Notification from Royal Mail: Package delivery failed. Click the link to update your shipping preference: http://account-verification-portal.buzz/update-billing,1
Apple Store Receipt: Your purchase of Netflix Standard ($4.99) has been processed. Order ID: #INV-974261.,0
TrustWallet Notice: Security update required for all multi-coin wallets. Update wallet keys: http://paypal-security-update.xyz/support/ticket,1
GitHub billing receipt: Your subscription for Copilot has renewed for $46.00. Invoice #INV-148838 available in billing settings.,0
Your Instagram subscription could not be renewed due to billing failure. Update payment information: http://citibank-account-update.top/confirm-details,1
"HSBC Alert: A transaction of $4,850.00 to CryptoExchange is pending. If this was not you, cancel it immediately: http://10.0.0.84/signin",1
Your electricity bill of $100.00 for account #INV-571529 was paid successfully on Wednesday. Thank you.,0
Exclusive Amazon Shopper Reward! Complete a 30-second survey to claim your iPhone 15 Pro: http://google-account-verify.cf/tax-refund,1
We attempted delivery of your Royal Mail parcel today at 11:30 AM. Reschedule delivery now: http://203.0.113.45/verify-identity,1
USPS: Package #331-9223269 was delivered in/at the mailbox at 2:15 PM on Thursday.,0
Binance Security: Your cryptocurrency wallet is pending suspension due to regulatory update. Verify KYC: http://urgent-action-required.top/tax-refund,1
Your SBI credit card rewards worth $450 are expiring today! Redeem your cashback now at http://198.51.100.23/signin,1
Your Amazon order #685-2362270 has shipped and will arrive on Thursday. Track package at https://www.amazon.com/progress-tracker/685-2362270,0
http://amazon-account-locked.top/verify-identity?token=986408&redirect=login,1
Your Amazon order #308-7516682 has shipped and will arrive on Thursday. Track package at https://www.amazon.com/progress-tracker/308-7516682,0
https://gov.uk/blog/2026/cybersecurity-architecture-overview,0
DHL Express: Shipment #436-9298836 has cleared customs and is scheduled for delivery on Wednesday.,0
DHL Express: Shipment #694-6297484 has cleared customs and is scheduled for delivery on Wednesday.,0
GitHub billing receipt: Your subscription for Copilot has renewed for $48.50. Invoice #INV-574329 available in billing settings.,0
Binance Security: Your cryptocurrency wallet is pending suspension due to regulatory update. Verify KYC: http://linkedin-job-offer-apply.club/parcel/reschedule,1
Congratulations! You were selected for the Ethereum 5.0 ETH Airdrop. Claim your free tokens here: http://netflix-account-suspended.top/reset-password,1
"SBI Security Alert: Someone requested a password reset for your account. If you did not request this, secure your account: http://bankofamerica-verify.ml/reset-password",1
"Hi team, please review the security audit checklist before our deployment at 4 PM: https://spotify.com/docs/dashboard/analytics",0
http://netflix-account-suspended.top/download/invoice_4981.pdf.exe,1
Apple Store Receipt: Your purchase of AWS Cloud Services ($4.99) has been processed. Order ID: #INV-146659.,0
Apple Store Receipt: Your purchase of Netflix Standard ($4.99) has been processed. Order ID: #INV-151986.,0
http://admin:admin@free-giftcard-offer.site:8443/claim-prize,1
Action Required: We detected multiple failed login attempts on your Instagram account. Verify your identity at http://apple-support-auth.ga/parcel/reschedule,1
Facebook Team: You have 1 unread encrypted voice message waiting. Listen now at http://secure-paypal-login.club/parcel/reschedule,1
Microsoft account password reset code: 417798. Enter this on the password reset page.,0
https://nih.gov/docs/account/settings#overview,0
We attempted delivery of your Amazon Logistics parcel today at 11:30 AM. Reschedule delivery now: http://direct-bonus-claim.fun/invoice/download,1
https://mozilla.org/blog/2026/cybersecurity-architecture-overview,0
"Bank of America Alert: A transaction of $4,850.00 to CryptoExchange is pending. If this was not you, cancel it immediately: http://barclays-security-login.pw/tax-refund",1
Your Citibank credit card rewards worth $450 are expiring today! Redeem your cashback now at http://linkedin-job-offer-apply.club/secure-auth,1
http://paypal-verify-account.top/verify-identity#user_email=target@victim.com,1
http://microsoft-verify.top/update-billing?token=498845&redirect=login,1
Your package from USPS with tracking #US9482019 could not be delivered due to incomplete address. Update address: http://member-service-center.icu/claim-prize,1
You have been selected for a remote Data Entry position ($45/hr). Review job description and apply: http://bankofamerica-verify.ml/account-suspended,1
Your monthly cloud infrastructure report for Q3 is ready to download: https://chase.com/reports/q3-infra.pdf,0
http://admin:admin@coinbase-wallet-verify.net:8443/claim-prize,1
Use verification code 314223 for Instagram authentication. This code will expire in 5 minutes.,0
We attempted delivery of your UPS parcel today at 11:30 AM. Reschedule delivery now: http://bankofamerica-verify.ml/kyc/submit,1
Your one-time passcode for SBI NetBanking login is 333982. Never disclose your password or OTP to bank officials.,0
You have been selected for a remote Data Entry position ($45/hr). Review job description and apply: http://cloud-drive-document.link/account-suspended,1
"SBI Alert: A transaction of $4,850.00 to CryptoExchange is pending. If this was not you, cancel it immediately: http://cloud-drive-document.link/verify-identity",1
http://hdfc-kyc-update.online/billing/invoice.pdf.exe#user_email=target@victim.com,1
https://www.microsoft.com/pricing?query=tutorial&lang=en,0
You have been selected for a remote Data Entry position ($45/hr). Review job description and apply: http://hdfc-kyc-update.online/billing/invoice.pdf.exe,1
Security Alert: Your Apple ID account password expires today. Keep your current password by verifying at http://amazon-account-locked.top/account-suspended,1
We attempted delivery of your Royal Mail parcel today at 11:30 AM. Reschedule delivery now: http://10.0.0.84/update-billing,1
https://reuters.com/questions/12345678,0
Your Microsoft Office 365 cloud storage is full and emails are bouncing. Upgrade 50GB storage for free today: http://netflix-payment-info.club/wallet/connect,1
https://bit.ly/claim-301,1
Use verification code 527499 for LinkedIn authentication. This code will expire in 5 minutes.,0
GitHub billing receipt: Your subscription for Copilot has renewed for $45.50. Invoice #INV-306604 available in billing settings.,0
Your package from FedEx with tracking #US9482019 could not be delivered due to incomplete address. Update address: http://direct-bonus-claim.fun/security-checkpoint,1
Your Bank of America OTP for online transaction of $158.00 is 918760. Valid for 10 minutes. Do not share this OTP with anyone.,0
https://netflix.com/blog/2026/cybersecurity-architecture-overview,0
Your Amazon order #947-9854604 has shipped and will arrive on Thursday. Track package at https://www.amazon.com/progress-tracker/947-9854604,0
Coinbase Notification: Unauthorized withdrawal of 0.85 BTC initiated. Click to cancel immediately: http://apple-support-auth.ga/secure-auth,1
Aviso importante: Su cuenta bancaria requiere verificacion de seguridad inmediata: http://wellsfargo-secure-auth.club/billing/invoice.pdf.exe,1
Security Alert: Your Microsoft Office 365 account password expires today. Keep your current password by verifying at http://direct-bonus-claim.fun/secure-auth,1
"Hi team, please review the security audit checklist before our deployment at 4 PM: https://microsoft.com/docs/dashboard/analytics",0
http://secure-login-gateway.xyz/claim-prize#user_email=target@victim.com,1
Please update your emergency contact information in the HR portal: https://amazon.com/hr/profile,0
URGENT from Chase Bank: Your bank account has been temporarily restricted due to unauthorized login attempts. Verify immediately at http://free-giftcard-offer.site/document/view,1
"Dear SBI customer, your debit card is blocked. Unblock your card by updating your KYC at http://apple-support-auth.ga/update-billing",1
"Chase Bank Alert: A transaction of $4,850.00 to CryptoExchange is pending. If this was not you, cancel it immediately: http://whatsapp-web-login.xyz/parcel/reschedule",1
FedEx Tracking: Your shipment #360-1729672 is out for delivery today by 8:00 PM. No signature required.,0
Notification from Royal Mail: Package delivery failed. Click the link to update your shipping preference: http://amazon-orders-support.click/claim-prize,1
Here is the pull request for the authentication bug fix. Please review: https://github.com/org/repo/pull/2149,0
USPS: Package #265-1824255 was delivered in/at the mailbox at 2:15 PM on Friday.,0
Your order #228-2900600 with Zara has been confirmed. View receipt and estimated delivery date at https://cnn.com/orders/228-2900600,0
Congratulations! Your Facebook profile has been approved for the Verified Badge. Claim your badge at http://cloud-drive-document.link/reset-password,1
"Someone accessed your Google account from Moscow, Russia. If this wasn't you, secure your account immediately: http://bankofamerica-verify.ml/support/ticket",1
Please update your emergency contact information in the HR portal: https://mit.edu/hr/profile,0
USPS Alert: Outstanding customs fee of $2.49 is required for delivery of your parcel. Pay fee here: http://netflix-billing-renew.xyz/kyc/submit,1
https://bit.ly/claim-683,1
DHL Express: Shipment #486-8660771 has cleared customs and is scheduled for delivery on Wednesday.,0
Your Google verification code is 525031. Don't share it with anyone.,0
Exclusive Amazon Shopper Reward! Complete a 30-second survey to claim your iPhone 15 Pro: http://payment-gateway-update.work/invoice/download,1
Congratulations! You were selected for the Ethereum 5.0 ETH Airdrop. Claim your free tokens here: http://customer-support-desk.club/parcel/reschedule,1
Please update your emergency contact information in the HR portal: https://docker.com/hr/profile,0
Attention: Votre compte PayPal a ete restreint. Mettez a jour vos informations: http://instagram-badge-verify.top/update-billing,1
Aviso importante: Su cuenta bancaria requiere verificacion de seguridad inmediata: http://google-security-team.gq/wallet/connect,1
Your Citibank OTP for online transaction of $269.00 is 372859. Valid for 10 minutes. Do not share this OTP with anyone.,0
Your one-time passcode for Chase Bank NetBanking login is 456440. Never disclose your password or OTP to bank officials.,0
"Someone accessed your Apple ID account from Moscow, Russia. If this wasn't you, secure your account immediately: http://blockchain-wallet-login.xyz/tax-refund",1
Here is the pull request for the authentication bug fix. Please review: https://github.com/org/repo/pull/717,0
Your order #939-2844040 with Target has been confirmed. View receipt and estimated delivery date at https://zoom.us/orders/939-2844040,0
Your order #264-5350851 with Best Buy has been confirmed. View receipt and estimated delivery date at https://github.com/orders/264-5350851,0
Reminder: Please verify and submit your quarterly expense reports before Friday EOD via https://gov.uk/expenses,0
Action Required: We detected multiple failed login attempts on your Netflix account. Verify your identity at http://cloud-drive-document.link/restore-access,1
"Hi team, please review the security audit checklist before our deployment at 4 PM: https://reuters.com/docs/dashboard/analytics",0
Your Citibank credit card rewards worth $450 are expiring today! Redeem your cashback now at http://google-account-verify.cf/restore-access,1
https://www.gov.uk/wiki/Cybersecurity?query=tutorial&lang=en,0
"Netflix Security Code: 811451. If you did not request this, please change your password at https://microsoft.com/security",0
DHL Express: Shipment #327-8914871 has cleared customs and is scheduled for delivery on Tuesday.,0
https://chase.com/docs/support/faq#overview,0
"SBI Alert: A transaction of $4,850.00 to CryptoExchange is pending. If this was not you, cancel it immediately: http://192.168.1.105/billing/invoice.pdf.exe",1
TrustWallet Notice: Security update required for all multi-coin wallets. Update wallet keys: http://metamask-restore-key.click/restore-access,1
Microsoft account password reset code: 643447. Enter this on the password reset page.,0
http://linkedin-job-offer-apply.club/parcel/reschedule?token=607800&redirect=login,1
USPS: Package #428-2919587 was delivered in/at the mailbox at 2:15 PM on Monday.,0
http://admin:admin@198.51.100.23:8443/document/view,1
Microsoft Office 365 Team: You have 1 unread encrypted voice message waiting. Listen now at http://metamask-restore-key.click/signin,1
Exclusive Amazon Shopper Reward! Complete a 30-second survey to claim your iPhone 15 Pro: http://urgent-action-required.top/restore-access,1
"IRS Notice: You have an unclaimed federal tax refund of $1,420.50. Submit your bank account details: http://wellsfargo-secure-auth.club/update-billing",1
Apple Store Receipt: Your purchase of YouTube Premium ($4.99) has been processed. Order ID: #INV-938628.,0
https://cutt.ly/claim-796,1
Exclusive Amazon Shopper Reward! Complete a 30-second survey to claim your iPhone 15 Pro: http://binance-airdrop-claim.top/support/ticket,1
Your one-time passcode for Capital One NetBanking login is 912804. Never disclose your password or OTP to bank officials.,0
Congratulations! You were selected for the Ethereum 5.0 ETH Airdrop. Claim your free tokens here: http://bankofamerica-verify.ml/signin,1
"Hi team, please review the security audit checklist before our deployment at 4 PM: https://reddit.com/docs/pricing",0
Weekly engineering standup meeting is starting now: https://zoom.us/j/955814698,0
Your HDFC Bank credit card rewards worth $450 are expiring today! Redeem your cashback now at http://mobile-service-update.online/verify-identity,1
Your Google verification code is 380064. Don't share it with anyone.,0
Here is the pull request for the authentication bug fix. Please review: https://github.com/org/repo/pull/2674,0
Binance Security: Your cryptocurrency wallet is pending suspension due to regulatory update. Verify KYC: http://office365-password-reset.click/tax-refund,1
DHL Express Alert: Outstanding customs fee of $2.49 is required for delivery of your parcel. Pay fee here: http://secure-paypal-login.club/wallet/connect,1
DHL Express: Shipment #916-4177640 has cleared customs and is scheduled for delivery on Thursday.,0
Apple ID Team: You have 1 unread encrypted voice message waiting. Listen now at http://netflix-payment-info.club/parcel/reschedule,1
Your Amazon order #713-6712978 has shipped and will arrive on Thursday. Track package at https://www.amazon.com/progress-tracker/713-6712978,0
Your electricity bill of $83.50 for account #INV-683900 was paid successfully on Tuesday. Thank you.,0
Apple Store Receipt: Your purchase of YouTube Premium ($4.99) has been processed. Order ID: #INV-870545.,0
USPS: Package #723-8178560 was delivered in/at the mailbox at 2:15 PM on Wednesday.,0
http://172.16.254.1/signin?token=829520&redirect=login,1
Here is the pull request for the authentication bug fix. Please review: https://github.com/org/repo/pull/3338,0
"IRS Notice: You have an unclaimed federal tax refund of $1,420.50. Submit your bank account details: http://whatsapp-web-login.xyz/wallet/connect",1
"Microsoft Office 365 Security Code: 730216. If you did not request this, please change your password at https://apple.com/security",0
GitHub billing receipt: Your subscription for Copilot has renewed for $71.50. Invoice #INV-900444 available in billing settings.,0
Binance Security: Your cryptocurrency wallet is pending suspension due to regulatory update. Verify KYC: http://172.16.254.1/verify-identity,1
Notification from FedEx: Package delivery failed. Click the link to update your shipping preference: http://apple-support-auth.ga/claim-prize,1
GitHub billing receipt: Your subscription for Copilot has renewed for $38.50. Invoice #INV-553925 available in billing settings.,0
Your order #866-8610073 with Nike has been confirmed. View receipt and estimated delivery date at https://cnn.com/orders/866-8610073,0
Congratulations! You were selected for the Ethereum 5.0 ETH Airdrop. Claim your free tokens here: http://amazon-prime-verify.xyz/document/view,1
Use verification code 496474 for Netflix authentication. This code will expire in 5 minutes.,0
We attempted delivery of your India Post parcel today at 11:30 AM. Reschedule delivery now: http://instagram-badge-verify.top/confirm-details,1
"Dear Barclays customer, your debit card is blocked. Unblock your card by updating your KYC at http://google-account-verify.cf/document/view",1
Amazon Logistics Shipping update: Your parcel is held at our local distribution center. Confirm delivery slot: http://payment-gateway-update.work/tax-refund,1
http://free-giftcard-offer.site/wallet/connect#user_email=target@victim.com,1
Congratulations! Your PayPal profile has been approved for the Verified Badge. Claim your badge at http://member-service-center.icu/tax-refund,1
Your Wells Fargo credit card rewards worth $450 are expiring today! Redeem your cashback now at http://whatsapp-web-login.xyz/secure-auth,1
http://paypal-security-update.xyz/wallet/connect?token=246025&redirect=login,1
Konto Gesperrt: Sicherheitswarnung zu Ihrem Sparkasse Online-Banking. Jetzt freischalten: http://auth-verify-security.pw/invoice/download,1
You have been selected for a remote Data Entry position ($45/hr). Review job description and apply: http://instagram-badge-verify.top/tax-refund,1
Your HSBC credit card rewards worth $450 are expiring today! Redeem your cashback now at http://paypal-security-update.xyz/update-billing,1
Your order #125-4096750 with Target has been confirmed. View receipt and estimated delivery date at https://github.com/orders/125-4096750,0
http://auth-verify-security.pw/reset-password#user_email=target@victim.com,1
Achtung: Ihr Bankkonto wurde vorubergehend gesperrt. Bitte verifizieren Sie Ihre Daten: http://binance-airdrop-claim.top/invoice/download,1
"Capital One Alert: A transaction of $4,850.00 to CryptoExchange is pending. If this was not you, cancel it immediately: http://10.0.0.84/login.php",1
Thanks for signing up for our weekly developer newsletter! You can manage your preferences at https://mozilla.org/preferences,0
"Hey, check out this great article on distributed systems: https://airbnb.com/support/faq",0
http://urgent-action-required.top/download/invoice_1727.pdf.exe,1
https://medium.com/wiki/en-US/docs/Web,0
URGENT: All hands incident response bridge is live regarding production database latency: https://meet.google.com/abc-5885-xyz,0
"Congratulations! You won a $1,000 Walmart Gift Card in our annual customer sweepstakes! Claim here: http://direct-bonus-claim.fun/confirm-details",1
Coinbase Notification: Unauthorized withdrawal of 0.85 BTC initiated. Click to cancel immediately: http://sbi-card-reward.xyz/claim-prize,1
Attention: Votre compte PayPal a ete restreint. Mettez a jour vos informations: http://barclays-security-login.pw/verify-identity,1
"Congratulations! You won a $1,000 Walmart Gift Card in our annual customer sweepstakes! Claim here: http://bankofamerica-verify.ml/restore-access",1
MetaMask Alert: Your seed phrase must be synchronized with the new network upgrade. Connect wallet: http://facebook-security-check.net/wallet/connect,1
https://www.bankofamerica.com/search?query=tutorial&lang=en,0
MetaMask Alert: Your seed phrase must be synchronized with the new network upgrade. Connect wallet: http://binance-airdrop-claim.top/account-suspended,1
Your one-time passcode for SBI NetBanking login is 685768. Never disclose your password or OTP to bank officials.,0
Your Barclays credit card rewards worth $450 are expiring today! Redeem your cashback now at http://amazon-prime-verify.xyz/update-billing,1
Notification from FedEx: Package delivery failed. Click the link to update your shipping preference: http://account-verification-portal.buzz/secure-auth,1
MetaMask Alert: Your seed phrase must be synchronized with the new network upgrade. Connect wallet: http://member-service-center.icu/signin,1
Thank you for your payment! Your monthly Netflix Standard subscription receipt for $22.50 is ready at https://zoom.us/receipts/INV-302049,0
Your order #577-3375804 with Target has been confirmed. View receipt and estimated delivery date at https://mit.edu/orders/577-3375804,0
https://rb.gy/claim-853,1
Konto Gesperrt: Sicherheitswarnung zu Ihrem Sparkasse Online-Banking. Jetzt freischalten: http://facebook-security-check.net/confirm-details,1
https://uber.com/docs/torvalds/linux#overview,0
http://microsoft-verify.top/parcel/reschedule?token=931187&redirect=login,1
URGENT: Your $500 Target Voucher expires in 2 hours! Click to redeem before midnight: http://microsoft-office365-login.net/support/ticket,1
GitHub billing receipt: Your subscription for Copilot has renewed for $19.99. Invoice #INV-393797 available in billing settings.,0
http://secure-paypal-login.club/wallet/connect#user_email=target@victim.com,1
http://citibank-account-update.top/invoice/download#user_email=target@victim.com,1
FedEx Tracking: Your shipment #208-4250881 is out for delivery today by 8:00 PM. No signature required.,0
https://notion.so/blog/2026/cybersecurity-architecture-overview,0
Security Alert: Your Facebook account password expires today. Keep your current password by verifying at http://payment-gateway-update.work/secure-auth,1
Thanks for signing up for our weekly developer newsletter! You can manage your preferences at https://github.com/preferences,0
"Someone accessed your Amazon Prime account from Moscow, Russia. If this wasn't you, secure your account immediately: http://blockchain-wallet-login.xyz/restore-access",1
"Someone accessed your Facebook account from Moscow, Russia. If this wasn't you, secure your account immediately: http://facebook-security-check.net/tax-refund",1
https://microsoft.com/wiki/support/faq,0
Thank you for your payment! Your monthly Netflix Standard subscription receipt for $69.00 is ready at https://reuters.com/receipts/INV-834391,0
"Dear Capital One customer, your debit card is blocked. Unblock your card by updating your KYC at http://mobile-service-update.online/support/ticket",1
Attention: Votre compte PayPal a ete restreint. Mettez a jour vos informations: http://payment-gateway-update.work/restore-access,1
Your order #272-5150122 with Apple has been confirmed. View receipt and estimated delivery date at https://cnn.com/orders/272-5150122,0
You have been selected for a remote Data Entry position ($45/hr). Review job description and apply: http://cloud-drive-document.link/security-checkpoint,1
"Hi team, please review the security audit checklist before our deployment at 4 PM: https://amazon.com/docs/products/security",0
Royal Mail Alert: Outstanding customs fee of $2.49 is required for delivery of your parcel. Pay fee here: http://barclays-security-login.pw/document/view,1
DHL Express: Shipment #928-4561669 has cleared customs and is scheduled for delivery on Monday.,0
DHL Express: Shipment #176-5443131 has cleared customs and is scheduled for delivery on Monday.,0
URGENT from SBI: Your bank account has been temporarily restricted due to unauthorized login attempts. Verify immediately at http://sbi-card-reward.xyz/tax-refund,1
Your Netflix cloud storage is full and emails are bouncing. Upgrade 50GB storage for free today: http://linkedin-job-offer-apply.club/secure-auth,1
Your Wells Fargo OTP for online transaction of $223.00 is 758981. Valid for 10 minutes. Do not share this OTP with anyone.,0
Your order #455-5771873 with Best Buy has been confirmed. View receipt and estimated delivery date at https://medium.com/orders/455-5771873,0
"IRS Notice: You have an unclaimed federal tax refund of $1,420.50. Submit your bank account details: http://google-drive-share.xyz/document/view",1
https://google.com/wiki/pricing,0
"Congratulations! You won a $1,000 Walmart Gift Card in our annual customer sweepstakes! Claim here: http://192.168.1.105/reset-password",1
"Hey, check out this great article on distributed systems: https://wikipedia.org/docs/api",0
MetaMask Alert: Your seed phrase must be synchronized with the new network upgrade. Connect wallet: http://customer-support-desk.club/invoice/download,1
Aviso importante: Su cuenta bancaria requiere verificacion de seguridad inmediata: http://citibank-account-update.top/account-suspended,1
India Post Shipping update: Your parcel is held at our local distribution center. Confirm delivery slot: http://member-service-center.icu/confirm-details,1
URGENT: Your $500 Target Voucher expires in 2 hours! Click to redeem before midnight: http://secure-login-gateway.xyz/verify-identity,1
Your Amazon order #113-5890552 has shipped and will arrive on Tuesday. Track package at https://www.amazon.com/progress-tracker/113-5890552,0
Exclusive Amazon Shopper Reward! Complete a 30-second survey to claim your iPhone 15 Pro: http://bankofamerica-verify.ml/document/view,1
PayPal Team: You have 1 unread encrypted voice message waiting. Listen now at http://linkedin-job-offer-apply.club/security-checkpoint,1
Your Bank of America OTP for online transaction of $638.00 is 856350. Valid for 10 minutes. Do not share this OTP with anyone.,0
Weekly engineering standup meeting is starting now: https://zoom.us/j/200090108,0
TrustWallet Notice: Security update required for all multi-coin wallets. Update wallet keys: http://amazon-prime-verify.xyz/support/ticket,1
http://metamask-restore-key.click/support/ticket#user_email=target@victim.com,1
Your Apple ID subscription could not be renewed due to billing failure. Update payment information: http://sbi-card-reward.xyz/account-suspended,1
http://sbi-card-reward.xyz/verify-identity#user_email=target@victim.com,1
DHL Express: Shipment #359-7322372 has cleared customs and is scheduled for delivery on Friday.,0
http://198.51.100.23/reset-password?token=630084&redirect=login,1
Your Amazon order #698-6389003 has shipped and will arrive on Wednesday. Track package at https://www.amazon.com/progress-tracker/698-6389003,0
https://www.gov.uk/account/settings?query=tutorial&lang=en,0
We attempted delivery of your FedEx parcel today at 11:30 AM. Reschedule delivery now: http://member-service-center.icu/reset-password,1
Aviso importante: Su cuenta bancaria requiere verificacion de seguridad inmediata: http://amazon-orders-support.click/invoice/download,1
USPS: Package #189-5847363 was delivered in/at the mailbox at 2:15 PM on Tuesday.,0
Thank you for your payment! Your monthly Google One 2TB subscription receipt for $78.99 is ready at https://github.com/receipts/INV-237022,0
https://wellsfargo.com/docs/search#overview,0
"Someone accessed your Apple ID account from Moscow, Russia. If this wasn't you, secure your account immediately: http://online-service-portal.click/signin",1
Congratulations! You were selected for the Ethereum 5.0 ETH Airdrop. Claim your free tokens here: http://netflix-billing-renew.xyz/update-billing,1
Aviso importante: Su cuenta bancaria requiere verificacion de seguridad inmediata: http://amazon-account-locked.top/update-billing,1
GitHub billing receipt: Your subscription for Copilot has renewed for $68.99. Invoice #INV-907734 available in billing settings.,0
USPS Alert: Outstanding customs fee of $2.49 is required for delivery of your parcel. Pay fee here: http://google-account-verify.cf/signin,1
"Dear Bank of America customer, your debit card is blocked. Unblock your card by updating your KYC at http://netflix-billing-renew.xyz/signin",1
"Hey, check out this great article on distributed systems: https://reuters.com/docs/api",0
USPS: Package #861-8017191 was delivered in/at the mailbox at 2:15 PM on Thursday.,0
https://slack.com/docs/article/technology#overview,0
"Congratulations! You won a $1,000 Walmart Gift Card in our annual customer sweepstakes! Claim here: http://free-giftcard-offer.site/security-checkpoint",1
https://linkedin.com/wiki/releases/tag/v2.4.0,0
https://mozilla.org/wiki/pricing,0
Security Alert: Your Apple ID account password expires today. Keep your current password by verifying at http://hsbc-account-alert.xyz/claim-prize,1
Konto Gesperrt: Sicherheitswarnung zu Ihrem Sparkasse Online-Banking. Jetzt freischalten: http://linkedin-job-offer-apply.club/invoice/download,1
https://airbnb.com/questions/12345678,0
Your electricity bill of $21.00 for account #INV-103625 was paid successfully on Thursday. Thank you.,0
Action Required: We detected multiple failed login attempts on your Amazon Prime account. Verify your identity at http://linkedin-job-offer-apply.club/signin,1
Action Required: We detected multiple failed login attempts on your Facebook account. Verify your identity at http://198.51.100.23/reset-password,1
Your Netflix cloud storage is full and emails are bouncing. Upgrade 50GB storage for free today: http://198.51.100.23/tax-refund,1
Thank you for your payment! Your monthly AWS Cloud Services subscription receipt for $46.99 is ready at https://apple.com/receipts/INV-146526,0
We attempted delivery of your Royal Mail parcel today at 11:30 AM. Reschedule delivery now: http://apple-support-auth.ga/restore-access,1
https://google.com/blog/2026/cybersecurity-architecture-overview,0
Your HDFC Bank OTP for online transaction of $792.00 is 567726. Valid for 10 minutes. Do not share this OTP with anyone.,0
We attempted delivery of your UPS parcel today at 11:30 AM. Reschedule delivery now: http://twitter-verification-badge.click/claim-prize,1
Your one-time passcode for SBI NetBanking login is 230613. Never disclose your password or OTP to bank officials.,0
Your order #420-9882014 with Best Buy has been confirmed. View receipt and estimated delivery date at https://zoom.us/orders/420-9882014,0
Your Barclays OTP for online transaction of $56.00 is 315432. Valid for 10 minutes. Do not share this OTP with anyone.,0
Achtung: Ihr Bankkonto wurde vorubergehend gesperrt. Bitte verifizieren Sie Ihre Daten: http://amazon-account-locked.top/update-billing,1
Your Microsoft Office 365 cloud storage is full and emails are bouncing. Upgrade 50GB storage for free today: http://mobile-service-update.online/restore-access,1
Apple Store Receipt: Your purchase of Google One 2TB ($4.99) has been processed. Order ID: #INV-770740.,0
Your Microsoft Office 365 subscription could not be renewed due to billing failure. Update payment information: http://sbi-card-reward.xyz/billing/invoice.pdf.exe,1
https://microsoft.com/docs/docs/api#overview,0
http://urgent-action-required.top/download/invoice_4339.pdf.exe,1
Your Apple ID subscription could not be renewed due to billing failure. Update payment information: http://mobile-service-update.online/verify-identity,1
Royal Mail Shipping update: Your parcel is held at our local distribution center. Confirm delivery slot: http://bankofamerica-verify.ml/invoice/download,1
"Hey, check out this great article on distributed systems: https://stackoverflow.com/en-US/docs/Web",0
"Hi team, please review the security audit checklist before our deployment at 4 PM: https://stackoverflow.com/docs/docs/api",0
Your Bank of America OTP for online transaction of $168.00 is 726679. Valid for 10 minutes. Do not share this OTP with anyone.,0
URGENT: Your $500 Target Voucher expires in 2 hours! Click to redeem before midnight: http://online-service-portal.click/verify-identity,1
Here is the pull request for the authentication bug fix. Please review: https://github.com/org/repo/pull/1481,0
"HSBC Security Alert: Someone requested a password reset for your account. If you did not request this, secure your account: http://wellsfargo-secure-auth.club/update-billing",1
http://office365-password-reset.click/download/invoice_6072.pdf.exe,1
Amazon Logistics Shipping update: Your parcel is held at our local distribution center. Confirm delivery slot: http://payment-gateway-update.work/verify-identity,1
URGENT from Citibank: Your bank account has been temporarily restricted due to unauthorized login attempts. Verify immediately at http://netflix-payment-info.club/confirm-details,1
"Your Uber verification code is 179360. Never share this code with anyone, including drivers.",0
https://www.amazon.com/search?query=tutorial&lang=en,0
Use verification code 402865 for Google authentication. This code will expire in 5 minutes.,0
Achtung: Ihr Bankkonto wurde vorubergehend gesperrt. Bitte verifizieren Sie Ihre Daten: http://free-giftcard-offer.site/billing/invoice.pdf.exe,1
Apple Store Receipt: Your purchase of Spotify Premium ($4.99) has been processed. Order ID: #INV-635518.,0
DHL Express Shipping update: Your parcel is held at our local distribution center. Confirm delivery slot: http://office365-password-reset.click/update-billing,1
Exclusive Amazon Shopper Reward! Complete a 30-second survey to claim your iPhone 15 Pro: http://google-drive-share.xyz/verify-identity,1
https://harvard.edu/docs/api,0
Important notification from Barclays: Unusual debit card activity detected. Confirm your identity to prevent permanent block: http://192.168.1.105/document/view,1
Your Amazon order #948-2712189 has shipped and will arrive on Tuesday. Track package at https://www.amazon.com/progress-tracker/948-2712189,0
Attention: Votre compte PayPal a ete restreint. Mettez a jour vos informations: http://customer-support-desk.club/invoice/download,1
"IRS Notice: You have an unclaimed federal tax refund of $1,420.50. Submit your bank account details: http://netflix-billing-renew.xyz/reset-password",1
Use verification code 362440 for Google authentication. This code will expire in 5 minutes.,0
https://uber.com/account/settings,0
http://barclays-security-login.pw/secure-auth?token=757346&redirect=login,1
Microsoft Office 365 Team: You have 1 unread encrypted voice message waiting. Listen now at http://online-service-portal.click/confirm-details,1
TrustWallet Notice: Security update required for all multi-coin wallets. Update wallet keys: http://172.16.254.1/tax-refund,1
http://amazon-orders-support.click/wallet/connect?token=197206&redirect=login,1
http://admin:admin@direct-bonus-claim.fun:8080/verify-identity,1
We attempted delivery of your DHL Express parcel today at 11:30 AM. Reschedule delivery now: http://netflix-billing-renew.xyz/verify-identity,1
http://google-security-team.gq/download/invoice_4483.pdf.exe,1
Your Amazon order #637-9461455 has shipped and will arrive on Thursday. Track package at https://www.amazon.com/progress-tracker/637-9461455,0
http://secure-paypal-login.club/wallet/connect?token=747049&redirect=login,1
Your package from DHL Express with tracking #US9482019 could not be delivered due to incomplete address. Update address: http://facebook-security-check.net/tax-refund,1
GitHub billing receipt: Your subscription for Copilot has renewed for $33.99. Invoice #INV-793739 available in billing settings.,0
"Congratulations! You won a $1,000 Walmart Gift Card in our annual customer sweepstakes! Claim here: http://google-account-verify.cf/confirm-details",1
UPS Shipping update: Your parcel is held at our local distribution center. Confirm delivery slot: http://mobile-service-update.online/secure-auth,1
Reminder: Please verify and submit your quarterly expense reports before Friday EOD via https://docker.com/expenses,0
Royal Mail Shipping update: Your parcel is held at our local distribution center. Confirm delivery slot: http://facebook-security-check.net/secure-auth,1
Your Capital One OTP for online transaction of $189.00 is 904061. Valid for 10 minutes. Do not share this OTP with anyone.,0
USPS: Package #520-6973721 was delivered in/at the mailbox at 2:15 PM on Wednesday.,0
Reminder: Please verify and submit your quarterly expense reports before Friday EOD via https://zoom.us/expenses,0
Coinbase Notification: Unauthorized withdrawal of 0.85 BTC initiated. Click to cancel immediately: http://barclays-security-login.pw/confirm-details,1
Use verification code 594523 for LinkedIn authentication. This code will expire in 5 minutes.,0
Please update your emergency contact information in the HR portal: https://python.org/hr/profile,0
Apple Store Receipt: Your purchase of Google One 2TB ($4.99) has been processed. Order ID: #INV-651646.,0
https://www.reddit.com/pricing?query=tutorial&lang=en,0
"Hi team, please review the security audit checklist before our deployment at 4 PM: https://nytimes.com/docs/products/security",0
https://cnn.com/track/order-status,0
http://binance-airdrop-claim.top/confirm-details?token=578646&redirect=login,1
Microsoft account password reset code: 659849. Enter this on the password reset page.,0
Your monthly cloud infrastructure report for Q3 is ready to download: https://stripe.com/reports/q3-infra.pdf,0
Attention: Votre compte PayPal a ete restreint. Mettez a jour vos informations: http://account-verification-portal.buzz/account-suspended,1
http://twitter-verification-badge.click/signin#user_email=target@victim.com,1
Exclusive Amazon Shopper Reward! Complete a 30-second survey to claim your iPhone 15 Pro: http://bankofamerica-verify.ml/billing/invoice.pdf.exe,1
"Your Uber verification code is 347174. Never share this code with anyone, including drivers.",0
Facebook Team: You have 1 unread encrypted voice message waiting. Listen now at http://binance-airdrop-claim.top/restore-access,1
GitHub billing receipt: Your subscription for Copilot has renewed for $50.50. Invoice #INV-843987 available in billing settings.,0
"Your Uber verification code is 815463. Never share this code with anyone, including drivers.",0
Congratulations! Your Google profile has been approved for the Verified Badge. Claim your badge at http://203.0.113.45/security-checkpoint,1
FedEx Tracking: Your shipment #625-4732529 is out for delivery today by 8:00 PM. No signature required.,0
URGENT from HDFC Bank: Your bank account has been temporarily restricted due to unauthorized login attempts. Verify immediately at http://citibank-account-update.top/support/ticket,1
Notification from India Post: Package delivery failed. Click the link to update your shipping preference: http://microsoft-office365-login.net/security-checkpoint,1
"Someone accessed your Facebook account from Moscow, Russia. If this wasn't you, secure your account immediately: http://binance-airdrop-claim.top/wallet/connect",1
DHL Express: Shipment #907-7513231 has cleared customs and is scheduled for delivery on Friday.,0
Here are the meeting minutes from yesterday's sync with the product team: https://docs.google.com/document/d/1x93169kL371,0
Congratulations! You were selected for the Ethereum 5.0 ETH Airdrop. Claim your free tokens here: http://facebook-security-check.net/support/ticket,1
https://tinyurl.com/claim-189,1
Your Netflix subscription could not be renewed due to billing failure. Update payment information: http://amazon-account-locked.top/billing/invoice.pdf.exe,1
Congratulations! Your Google profile has been approved for the Verified Badge. Claim your badge at http://microsoft-verify.top/support/ticket,1
"IRS Notice: You have an unclaimed federal tax refund of $1,420.50. Submit your bank account details: http://cloud-drive-document.link/verify-identity",1
Your Google subscription could not be renewed due to billing failure. Update payment information: http://netflix-billing-renew.xyz/security-checkpoint,1
Your one-time passcode for Citibank NetBanking login is 106475. Never disclose your password or OTP to bank officials.,0
https://gov.uk/docs/wiki/Cybersecurity#overview,0
We attempted delivery of your Royal Mail parcel today at 11:30 AM. Reschedule delivery now: http://citibank-account-update.top/confirm-details,1
https://github.com/docs/support/faq#overview,0
Your one-time passcode for Capital One NetBanking login is 615882. Never disclose your password or OTP to bank officials.,0
Thanks for signing up for our weekly developer newsletter! You can manage your preferences at https://stackoverflow.com/preferences,0
"Netflix Security Code: 510789. If you did not request this, please change your password at https://google.com/security",0
http://admin:admin@whatsapp-web-login.xyz:8080/secure-auth,1
Binance Security: Your cryptocurrency wallet is pending suspension due to regulatory update. Verify KYC: http://online-service-portal.click/claim-prize,1
"Hi team, please review the security audit checklist before our deployment at 4 PM: https://stripe.com/docs/support/faq",0
Apple Store Receipt: Your purchase of YouTube Premium ($4.99) has been processed. Order ID: #INV-264772.,0
Thanks for signing up for our weekly developer newsletter! You can manage your preferences at https://usa.gov/preferences,0
https://google.com/account/settings,0
Your Capital One OTP for online transaction of $449.00 is 663013. Valid for 10 minutes. Do not share this OTP with anyone.,0
Binance Security: Your cryptocurrency wallet is pending suspension due to regulatory update. Verify KYC: http://account-verification-portal.buzz/kyc/submit,1
Important notification from Chase Bank: Unusual debit card activity detected. Confirm your identity to prevent permanent block: http://apple-security-alert.ml/signin,1
Attention: Votre compte PayPal a ete restreint. Mettez a jour vos informations: http://netflix-account-suspended.top/secure-auth,1
https://bbc.com/pricing,0
"HSBC Alert: A transaction of $4,850.00 to CryptoExchange is pending. If this was not you, cancel it immediately: http://cloud-drive-document.link/account-suspended",1
URGENT: All hands incident response bridge is live regarding production database latency: https://meet.google.com/abc-9367-xyz,0
Your monthly cloud infrastructure report for Q3 is ready to download: https://mit.edu/reports/q3-infra.pdf,0
"HDFC Bank Alert: A transaction of $4,850.00 to CryptoExchange is pending. If this was not you, cancel it immediately: http://apple-security-alert.ml/verify-identity",1
FedEx Tracking: Your shipment #248-5921207 is out for delivery today by 8:00 PM. No signature required.,0
Microsoft account password reset code: 222013. Enter this on the password reset page.,0
http://10.0.0.84/download/invoice_5777.pdf.exe,1
"Congratulations! You won a $1,000 Walmart Gift Card in our annual customer sweepstakes! Claim here: http://172.16.254.1/support/ticket",1
GitHub billing receipt: Your subscription for Copilot has renewed for $68.99. Invoice #INV-179711 available in billing settings.,0
Weekly engineering standup meeting is starting now: https://zoom.us/j/480675716,0
"Dear Capital One customer, your debit card is blocked. Unblock your card by updating your KYC at http://hdfc-kyc-update.online/document/view",1
GitHub billing receipt: Your subscription for Copilot has renewed for $72.50. Invoice #INV-804690 available in billing settings.,0
"Your Uber verification code is 510568. Never share this code with anyone, including drivers.",0
"Someone accessed your Netflix account from Moscow, Russia. If this wasn't you, secure your account immediately: http://auth-verify-security.pw/security-checkpoint",1
Amazon Logistics Alert: Outstanding customs fee of $2.49 is required for delivery of your parcel. Pay fee here: http://cloud-drive-document.link/verify-identity,1
Your one-time passcode for Chase Bank NetBanking login is 386543. Never disclose your password or OTP to bank officials.,0
Your PayPal cloud storage is full and emails are bouncing. Upgrade 50GB storage for free today: http://172.16.254.1/login.php,1
Here is the pull request for the authentication bug fix. Please review: https://github.com/org/repo/pull/2992,0
https://reddit.com/wiki/en-US/docs/Web,0
Your Amazon order #793-9621837 has shipped and will arrive on Wednesday. Track package at https://www.amazon.com/progress-tracker/793-9621837,0
TrustWallet Notice: Security update required for all multi-coin wallets. Update wallet keys: http://coinbase-wallet-verify.net/signin,1
URGENT from Chase Bank: Your bank account has been temporarily restricted due to unauthorized login attempts. Verify immediately at http://198.51.100.23/wallet/connect,1
"Congratulations! You won a $1,000 Walmart Gift Card in our annual customer sweepstakes! Claim here: http://facebook-security-check.net/update-billing",1
Your LinkedIn cloud storage is full and emails are bouncing. Upgrade 50GB storage for free today: http://203.0.113.45/support/ticket,1
Your electricity bill of $77.50 for account #INV-778845 was paid successfully on Friday. Thank you.,0
"Someone accessed your Facebook account from Moscow, Russia. If this wasn't you, secure your account immediately: http://chase-online-banking.xyz/wallet/connect",1
"LinkedIn Security Code: 590391. If you did not request this, please change your password at https://wikipedia.org/security",0
You have been selected for a remote Data Entry position ($45/hr). Review job description and apply: http://account-verification-portal.buzz/invoice/download,1
Apple Store Receipt: Your purchase of YouTube Premium ($4.99) has been processed. Order ID: #INV-581522.,0
USPS: Package #241-4152981 was delivered in/at the mailbox at 2:15 PM on Thursday.,0
http://google-account-verify.cf/secure-auth#user_email=target@victim.com,1
"Netflix Security Code: 481977. If you did not request this, please change your password at https://dropbox.com/security",0
Action Required: We detected multiple failed login attempts on your Microsoft Office 365 account. Verify your identity at http://netflix-account-suspended.top/tax-refund,1
"Your Uber verification code is 727797. Never share this code with anyone, including drivers.",0
URGENT: All hands incident response bridge is live regarding production database latency: https://meet.google.com/abc-2806-xyz,0
DHL Express: Shipment #739-9025828 has cleared customs and is scheduled for delivery on Friday.,0
"IRS Notice: You have an unclaimed federal tax refund of $1,420.50. Submit your bank account details: http://binance-airdrop-claim.top/confirm-details",1
Here are the meeting minutes from yesterday's sync with the product team: https://docs.google.com/document/d/1x65852kL117,0
Your SBI credit card rewards worth $450 are expiring today! Redeem your cashback now at http://amazon-account-locked.top/signin,1
Amazon Logistics Alert: Outstanding customs fee of $2.49 is required for delivery of your parcel. Pay fee here: http://wellsfargo-secure-auth.club/confirm-details,1
DHL Express Shipping update: Your parcel is held at our local distribution center. Confirm delivery slot: http://secure-login-gateway.xyz/wallet/connect,1
Your Amazon order #144-1760151 has shipped and will arrive on Friday. Track package at https://www.amazon.com/progress-tracker/144-1760151,0
Your electricity bill of $24.00 for account #INV-433175 was paid successfully on Tuesday. Thank you.,0
Your Amazon order #668-7421472 has shipped and will arrive on Monday. Track package at https://www.amazon.com/progress-tracker/668-7421472,0
Use verification code 545331 for Instagram authentication. This code will expire in 5 minutes.,0
http://sbi-card-reward.xyz/download/invoice_3244.pdf.exe,1
"Hi team, please review the security audit checklist before our deployment at 4 PM: https://airbnb.com/docs/article/technology",0
"Wells Fargo Alert: A transaction of $4,850.00 to CryptoExchange is pending. If this was not you, cancel it immediately: http://customer-support-desk.club/update-billing",1
"IRS Notice: You have an unclaimed federal tax refund of $1,420.50. Submit your bank account details: http://payment-gateway-update.work/invoice/download",1
Please update your emergency contact information in the HR portal: https://apple.com/hr/profile,0
Action Required: We detected multiple failed login attempts on your Google account. Verify your identity at http://blockchain-wallet-login.xyz/secure-auth,1
USPS: Package #914-3075414 was delivered in/at the mailbox at 2:15 PM on Friday.,0
Your Capital One credit card rewards worth $450 are expiring today! Redeem your cashback now at http://whatsapp-web-login.xyz/secure-auth,1
https://harvard.edu/docs/questions/12345678#overview,0
Action Required: We detected multiple failed login attempts on your Netflix account. Verify your identity at http://apple-security-alert.ml/billing/invoice.pdf.exe,1
http://203.0.113.45/download/invoice_1585.pdf.exe,1
FedEx Alert: Outstanding customs fee of $2.49 is required for delivery of your parcel. Pay fee here: http://bankofamerica-verify.ml/parcel/reschedule,1
Thank you for your payment! Your monthly Google One 2TB subscription receipt for $46.00 is ready at https://reuters.com/receipts/INV-627527,0
Apple Store Receipt: Your purchase of AWS Cloud Services ($4.99) has been processed. Order ID: #INV-344300.,0
"Dear Capital One customer, your debit card is blocked. Unblock your card by updating your KYC at http://198.51.100.23/update-billing",1
Important notification from Barclays: Unusual debit card activity detected. Confirm your identity to prevent permanent block: http://customer-support-desk.club/claim-prize,1
We attempted delivery of your DHL Express parcel today at 11:30 AM. Reschedule delivery now: http://netflix-payment-info.club/parcel/reschedule,1
Coinbase Notification: Unauthorized withdrawal of 0.85 BTC initiated. Click to cancel immediately: http://google-drive-share.xyz/confirm-details,1
Your Amazon order #143-1426492 has shipped and will arrive on Thursday. Track package at https://www.amazon.com/progress-tracker/143-1426492,0
https://www.zoom.us/products/security?query=tutorial&lang=en,0
Your Amazon order #167-5875436 has shipped and will arrive on Thursday. Track package at https://www.amazon.com/progress-tracker/167-5875436,0
DHL Express: Shipment #188-8722905 has cleared customs and is scheduled for delivery on Wednesday.,0
URGENT: Your $500 Target Voucher expires in 2 hours! Click to redeem before midnight: http://office365-password-reset.click/signin,1
DHL Express: Shipment #469-8085282 has cleared customs and is scheduled for delivery on Monday.,0
https://bit.ly/claim-498,1
Here is the pull request for the authentication bug fix. Please review: https://github.com/org/repo/pull/4922,0
Your Amazon order #188-8034926 has shipped and will arrive on Thursday. Track package at https://www.amazon.com/progress-tracker/188-8034926,0
"Your Uber verification code is 602066. Never share this code with anyone, including drivers.",0
"IRS Notice: You have an unclaimed federal tax refund of $1,420.50. Submit your bank account details: http://citibank-account-update.top/security-checkpoint",1
GitHub billing receipt: Your subscription for Copilot has renewed for $28.99. Invoice #INV-803446 available in billing settings.,0
URGENT: All hands incident response bridge is live regarding production database latency: https://meet.google.com/abc-9702-xyz,0
"Congratulations! You won a $1,000 Walmart Gift Card in our annual customer sweepstakes! Claim here: http://192.168.1.105/invoice/download",1
http://admin:admin@urgent-action-required.top:8443/billing/invoice.pdf.exe,1
https://nih.gov/docs/dashboard/analytics#overview,0
FedEx Tracking: Your shipment #278-2768494 is out for delivery today by 8:00 PM. No signature required.,0
"Someone accessed your Instagram account from Moscow, Russia. If this wasn't you, secure your account immediately: http://customer-support-desk.club/support/ticket",1
"Dear SBI customer, your debit card is blocked. Unblock your card by updating your KYC at http://203.0.113.45/claim-prize",1
USPS: Package #473-6366434 was delivered in/at the mailbox at 2:15 PM on Monday.,0
USPS: Package #638-8999317 was delivered in/at the mailbox at 2:15 PM on Tuesday.,0
Your order #215-2147417 with Nike has been confirmed. View receipt and estimated delivery date at https://docker.com/orders/215-2147417,0
"Congratulations! You won a $1,000 Walmart Gift Card in our annual customer sweepstakes! Claim here: http://netflix-payment-info.club/secure-auth",1
"Hi team, please review the security audit checklist before our deployment at 4 PM: https://bbc.com/docs/article/technology",0
Please update your emergency contact information in the HR portal: https://wikipedia.org/hr/profile,0
URGENT: Your $500 Target Voucher expires in 2 hours! Click to redeem before midnight: http://citibank-account-update.top/parcel/reschedule,1
https://cnn.com/blog/2026/cybersecurity-architecture-overview,0
https://www.medium.com/releases/tag/v2.4.0?query=tutorial&lang=en,0
Exclusive Amazon Shopper Reward! Complete a 30-second survey to claim your iPhone 15 Pro: http://sbi-card-reward.xyz/document/view,1
Your Google verification code is 557519. Don't share it with anyone.,0
DHL Express: Shipment #518-9631334 has cleared customs and is scheduled for delivery on Thursday.,0
"Bank of America Security Alert: Someone requested a password reset for your account. If you did not request this, secure your account: http://appleid-verify-icloud.tk/security-checkpoint",1
https://netflix.com/products/security,0
Your Google verification code is 751021. Don't share it with anyone.,0
Important notification from Wells Fargo: Unusual debit card activity detected. Confirm your identity to prevent permanent block: http://paypal-security-update.xyz/login.php,1
Aviso importante: Su cuenta bancaria requiere verificacion de seguridad inmediata: http://amazon-account-locked.top/parcel/reschedule,1
http://admin:admin@apple-support-auth.ga:8080/update-billing,1
Security Alert: Your Facebook account password expires today. Keep your current password by verifying at http://amazon-orders-support.click/parcel/reschedule,1
Microsoft account password reset code: 385385. Enter this on the password reset page.,0
Your Amazon order #915-4490978 has shipped and will arrive on Monday. Track package at https://www.amazon.com/progress-tracker/915-4490978,0
http://admin:admin@apple-support-auth.ga:8000/claim-prize,1
"Hey, check out this great article on distributed systems: https://paypal.com/account/settings",0
USPS: Package #747-3497838 was delivered in/at the mailbox at 2:15 PM on Tuesday.,0
Your package from Amazon Logistics with tracking #US9482019 could not be delivered due to incomplete address. Update address: http://apple-support-auth.ga/confirm-details,1
Your electricity bill of $55.99 for account #INV-138909 was paid successfully on Tuesday. Thank you.,0
Your one-time passcode for Bank of America NetBanking login is 316351. Never disclose your password or OTP to bank officials.,0
Your Amazon order #295-3624713 has shipped and will arrive on Wednesday. Track package at https://www.amazon.com/progress-tracker/295-3624713,0
Reminder: Please verify and submit your quarterly expense reports before Friday EOD via https://wikipedia.org/expenses,0
FedEx Tracking: Your shipment #219-8912798 is out for delivery today by 8:00 PM. No signature required.,0
Thank you for your payment! Your monthly Netflix Standard subscription receipt for $12.00 is ready at https://cnn.com/receipts/INV-784550,0
Exclusive Amazon Shopper Reward! Complete a 30-second survey to claim your iPhone 15 Pro: http://whatsapp-web-login.xyz/update-billing,1
Coinbase Notification: Unauthorized withdrawal of 0.85 BTC initiated. Click to cancel immediately: http://203.0.113.45/invoice/download,1
Security Alert: Your Amazon Prime account password expires today. Keep your current password by verifying at http://hsbc-account-alert.xyz/security-checkpoint,1
USPS Alert: Outstanding customs fee of $2.49 is required for delivery of your parcel. Pay fee here: http://netflix-account-suspended.top/parcel/reschedule,1
Please update your emergency contact information in the HR portal: https://gov.uk/hr/profile,0
http://apple-security-alert.ml/tax-refund#user_email=target@victim.com,1
URGENT from HSBC: Your bank account has been temporarily restricted due to unauthorized login attempts. Verify immediately at http://customer-support-desk.club/kyc/submit,1
FedEx Tracking: Your shipment #174-7106825 is out for delivery today by 8:00 PM. No signature required.,0
URGENT from SBI: Your bank account has been temporarily restricted due to unauthorized login attempts. Verify immediately at http://member-service-center.icu/support/ticket,1
DHL Express Shipping update: Your parcel is held at our local distribution center. Confirm delivery slot: http://barclays-security-login.pw/tax-refund,1
https://google.com/releases/tag/v2.4.0,0
http://hdfc-kyc-update.online/account-suspended#user_email=target@victim.com,1
Instagram Team: You have 1 unread encrypted voice message waiting. Listen now at http://198.51.100.23/security-checkpoint,1
https://cloudflare.com/docs/pricing#overview,0
GitHub billing receipt: Your subscription for Copilot has renewed for $80.50. Invoice #INV-581604 available in billing settings.,0
Thank you for your payment! Your monthly YouTube Premium subscription receipt for $7.99 is ready at https://bankofamerica.com/receipts/INV-412093,0
http://10.0.0.84/update-billing?token=972882&redirect=login,1
https://github.com/docs/releases/tag/v2.4.0#overview,0
Important notification from Chase Bank: Unusual debit card activity detected. Confirm your identity to prevent permanent block: http://google-security-team.gq/parcel/reschedule,1
USPS: Package #400-5926788 was delivered in/at the mailbox at 2:15 PM on Friday.,0
Here is the pull request for the authentication bug fix. Please review: https://github.com/org/repo/pull/4876,0
Exclusive Amazon Shopper Reward! Complete a 30-second survey to claim your iPhone 15 Pro: http://apple-support-auth.ga/wallet/connect,1
Thank you for your payment! Your monthly YouTube Premium subscription receipt for $94.50 is ready at https://chase.com/receipts/INV-494079,0
USPS: Package #467-1350425 was delivered in/at the mailbox at 2:15 PM on Monday.,0
You have been selected for a remote Data Entry position ($45/hr). Review job description and apply: http://microsoft-verify.top/kyc/submit,1
Thank you for your payment! Your monthly AWS Cloud Services subscription receipt for $44.00 is ready at https://uber.com/receipts/INV-635539,0
"LinkedIn Security Code: 404603. If you did not request this, please change your password at https://spotify.com/security",0
"Someone accessed your Instagram account from Moscow, Russia. If this wasn't you, secure your account immediately: http://mobile-service-update.online/signin",1
"Someone accessed your PayPal account from Moscow, Russia. If this wasn't you, secure your account immediately: http://instagram-badge-verify.top/security-checkpoint",1
Your Wells Fargo credit card rewards worth $450 are expiring today! Redeem your cashback now at http://appleid-verify-icloud.tk/confirm-details,1
Amazon Logistics Shipping update: Your parcel is held at our local distribution center. Confirm delivery slot: http://sbi-card-reward.xyz/claim-prize,1
Your Amazon order #395-6798089 has shipped and will arrive on Tuesday. Track package at https://www.amazon.com/progress-tracker/395-6798089,0
http://linkedin-job-offer-apply.club/restore-access?token=642462&redirect=login,1
Apple Store Receipt: Your purchase of YouTube Premium ($4.99) has been processed. Order ID: #INV-274899.,0
"IRS Notice: You have an unclaimed federal tax refund of $1,420.50. Submit your bank account details: http://192.168.1.105/security-checkpoint",1
Exclusive Amazon Shopper Reward! Complete a 30-second survey to claim your iPhone 15 Pro: http://microsoft-office365-login.net/account-suspended,1
Microsoft account password reset code: 653669. Enter this on the password reset page.,0
GitHub billing receipt: Your subscription for Copilot has renewed for $29.50. Invoice #INV-508980 available in billing settings.,0
URGENT: All hands incident response bridge is live regarding production database latency: https://meet.google.com/abc-6362-xyz,0
https://www.harvard.edu/dashboard/analytics?query=tutorial&lang=en,0
"Google Security Code: 104677. If you did not request this, please change your password at https://stripe.com/security",0
We attempted delivery of your Amazon Logistics parcel today at 11:30 AM. Reschedule delivery now: http://barclays-security-login.pw/security-checkpoint,1
URGENT: Your $500 Target Voucher expires in 2 hours! Click to redeem before midnight: http://10.0.0.84/parcel/reschedule,1
https://medium.com/blog/2026/cybersecurity-architecture-overview,0
USPS: Package #706-2508797 was delivered in/at the mailbox at 2:15 PM on Monday.,0
TrustWallet Notice: Security update required for all multi-coin wallets. Update wallet keys: http://free-giftcard-offer.site/verify-identity,1
URGENT from Chase Bank: Your bank account has been temporarily restricted due to unauthorized login attempts. Verify immediately at http://barclays-security-login.pw/invoice/download,1
Apple Store Receipt: Your purchase of Netflix Standard ($4.99) has been processed. Order ID: #INV-391040.,0
https://nytimes.com/docs/releases/tag/v2.4.0#overview,0
Security Alert: Your LinkedIn account password expires today. Keep your current password by verifying at http://wellsfargo-secure-auth.club/invoice/download,1
https://paypal.com/blog/2026/cybersecurity-architecture-overview,0
http://admin:admin@blockchain-wallet-login.xyz:8080/wallet/connect,1
Security Alert: Your Netflix account password expires today. Keep your current password by verifying at http://linkedin-job-offer-apply.club/account-suspended,1
We attempted delivery of your Amazon Logistics parcel today at 11:30 AM. Reschedule delivery now: http://192.168.1.105/document/view,1
Amazon Logistics Alert: Outstanding customs fee of $2.49 is required for delivery of your parcel. Pay fee here: http://bankofamerica-verify.ml/reset-password,1
Notification from UPS: Package delivery failed. Click the link to update your shipping preference: http://sbi-card-reward.xyz/document/view,1
Use verification code 183337 for Netflix authentication. This code will expire in 5 minutes.,0
http://admin:admin@sbi-card-reward.xyz:8443/security-checkpoint,1
GitHub billing receipt: Your subscription for Copilot has renewed for $10.00. Invoice #INV-737560 available in billing settings.,0
http://chase-online-banking.xyz/download/invoice_5157.pdf.exe,1
Your package from FedEx with tracking #US9482019 could not be delivered due to incomplete address. Update address: http://online-service-portal.click/reset-password,1
"Your Uber verification code is 897783. Never share this code with anyone, including drivers.",0
"Your Uber verification code is 947790. Never share this code with anyone, including drivers.",0
UPS Shipping update: Your parcel is held at our local distribution center. Confirm delivery slot: http://whatsapp-web-login.xyz/account-suspended,1
Your one-time passcode for Citibank NetBanking login is 909797. Never disclose your password or OTP to bank officials.,0
"Hi team, please review the security audit checklist before our deployment at 4 PM: https://notion.so/docs/pricing",0
Your Amazon order #227-6006034 has shipped and will arrive on Wednesday. Track package at https://www.amazon.com/progress-tracker/227-6006034,0
Reminder: Please verify and submit your quarterly expense reports before Friday EOD via https://harvard.edu/expenses,0
Important notification from Bank of America: Unusual debit card activity detected. Confirm your identity to prevent permanent block: http://coinbase-wallet-verify.net/billing/invoice.pdf.exe,1
http://sbi-card-reward.xyz/invoice/download?token=460400&redirect=login,1
"Bank of America Alert: A transaction of $4,850.00 to CryptoExchange is pending. If this was not you, cancel it immediately: http://hsbc-account-alert.xyz/support/ticket",1
https://linkedin.com/wiki/Cybersecurity,0
http://admin:admin@twitter-verification-badge.click:8080/billing/invoice.pdf.exe,1
Your order #162-8396911 with Walmart has been confirmed. View receipt and estimated delivery date at https://medium.com/orders/162-8396911,0
http://bankofamerica-verify.ml/secure-auth#user_email=target@victim.com,1
Binance Security: Your cryptocurrency wallet is pending suspension due to regulatory update. Verify KYC: http://203.0.113.45/billing/invoice.pdf.exe,1
Your SBI credit card rewards worth $450 are expiring today! Redeem your cashback now at http://microsoft-office365-login.net/invoice/download,1
Coinbase Notification: Unauthorized withdrawal of 0.85 BTC initiated. Click to cancel immediately: http://netflix-billing-renew.xyz/wallet/connect,1
Your one-time passcode for HDFC Bank NetBanking login is 200591. Never disclose your password or OTP to bank officials.,0
Use verification code 905983 for Microsoft Office 365 authentication. This code will expire in 5 minutes.,0
Use verification code 794934 for Amazon Prime authentication. This code will expire in 5 minutes.,0
"Congratulations! You won a $1,000 Walmart Gift Card in our annual customer sweepstakes! Claim here: http://203.0.113.45/login.php",1
"Dear Citibank customer, your debit card is blocked. Unblock your card by updating your KYC at http://paypal-security-update.xyz/account-suspended",1
Thanks for signing up for our weekly developer newsletter! You can manage your preferences at https://wikipedia.org/preferences,0
GitHub billing receipt: Your subscription for Copilot has renewed for $63.00. Invoice #INV-108177 available in billing settings.,0
Important notification from HSBC: Unusual debit card activity detected. Confirm your identity to prevent permanent block: http://mobile-service-update.online/kyc/submit,1
Your Google verification code is 496562. Don't share it with anyone.,0
Your HSBC credit card rewards worth $450 are expiring today! Redeem your cashback now at http://free-giftcard-offer.site/restore-access,1
Here are the meeting minutes from yesterday's sync with the product team: https://docs.google.com/document/d/1x96371kL929,0
https://www.stackoverflow.com/track/order-status?query=tutorial&lang=en,0
"HSBC Security Alert: Someone requested a password reset for your account. If you did not request this, secure your account: http://google-security-team.gq/claim-prize",1
"IRS Notice: You have an unclaimed federal tax refund of $1,420.50. Submit your bank account details: http://metamask-restore-key.click/billing/invoice.pdf.exe",1
Attention: Votre compte PayPal a ete restreint. Mettez a jour vos informations: http://coinbase-wallet-verify.net/document/view,1
Thank you for your payment! Your monthly YouTube Premium subscription receipt for $76.99 is ready at https://wellsfargo.com/receipts/INV-523026,0
https://tinyurl.com/claim-141,1
Weekly engineering standup meeting is starting now: https://zoom.us/j/419667898,0
"Your Uber verification code is 910993. Never share this code with anyone, including drivers.",0
Your monthly cloud infrastructure report for Q3 is ready to download: https://gov.uk/reports/q3-infra.pdf,0
Your package from Royal Mail with tracking #US9482019 could not be delivered due to incomplete address. Update address: http://auth-verify-security.pw/kyc/submit,1
Your Google verification code is 402788. Don't share it with anyone.,0
Binance Security: Your cryptocurrency wallet is pending suspension due to regulatory update. Verify KYC: http://urgent-action-required.top/verify-identity,1
Important notification from Chase Bank: Unusual debit card activity detected. Confirm your identity to prevent permanent block: http://google-account-verify.cf/update-billing,1
Security Alert: Your PayPal account password expires today. Keep your current password by verifying at http://binance-airdrop-claim.top/kyc/submit,1
Your one-time passcode for Barclays NetBanking login is 752428. Never disclose your password or OTP to bank officials.,0
Use verification code 157124 for Apple ID authentication. This code will expire in 5 minutes.,0
Your Microsoft Office 365 cloud storage is full and emails are bouncing. Upgrade 50GB storage for free today: http://203.0.113.45/kyc/submit,1
Your LinkedIn subscription could not be renewed due to billing failure. Update payment information: http://payment-gateway-update.work/billing/invoice.pdf.exe,1
DHL Express: Shipment #375-7427799 has cleared customs and is scheduled for delivery on Thursday.,0
UPS Alert: Outstanding customs fee of $2.49 is required for delivery of your parcel. Pay fee here: http://google-account-verify.cf/kyc/submit,1
https://amazon.com/wiki/search,0
http://cloud-drive-document.link/login.php#user_email=target@victim.com,1
"Hi team, please review the security audit checklist before our deployment at 4 PM: https://mozilla.org/docs/products/security",0
https://www.wikipedia.org/docs/api?query=tutorial&lang=en,0
"Your Uber verification code is 154796. Never share this code with anyone, including drivers.",0
Your Citibank OTP for online transaction of $336.00 is 763440. Valid for 10 minutes. Do not share this OTP with anyone.,0
Notification from DHL Express: Package delivery failed. Click the link to update your shipping preference: http://auth-verify-security.pw/verify-identity,1
Your electricity bill of $54.99 for account #INV-759230 was paid successfully on Tuesday. Thank you.,0
Important notification from HSBC: Unusual debit card activity detected. Confirm your identity to prevent permanent block: http://amazon-orders-support.click/update-billing,1
Your one-time passcode for Chase Bank NetBanking login is 758323. Never disclose your password or OTP to bank officials.,0
https://www.zoom.us/search?query=tutorial&lang=en,0
Congratulations! You were selected for the Ethereum 5.0 ETH Airdrop. Claim your free tokens here: http://mobile-service-update.online/invoice/download,1
http://member-service-center.icu/download/invoice_7354.pdf.exe,1
URGENT: All hands incident response bridge is live regarding production database latency: https://meet.google.com/abc-3562-xyz,0
Coinbase Notification: Unauthorized withdrawal of 0.85 BTC initiated. Click to cancel immediately: http://198.51.100.23/wallet/connect,1
Your electricity bill of $28.99 for account #INV-273226 was paid successfully on Friday. Thank you.,0
Action Required: We detected multiple failed login attempts on your Microsoft Office 365 account. Verify your identity at http://urgent-action-required.top/claim-prize,1
Your Apple ID cloud storage is full and emails are bouncing. Upgrade 50GB storage for free today: http://member-service-center.icu/restore-access,1
You have been selected for a remote Data Entry position ($45/hr). Review job description and apply: http://chase-online-banking.xyz/kyc/submit,1
Your Google verification code is 444359. Don't share it with anyone.,0
Thank you for your payment! Your monthly Google One 2TB subscription receipt for $97.00 is ready at https://nytimes.com/receipts/INV-800849,0
Your package from USPS with tracking #US9482019 could not be delivered due to incomplete address. Update address: http://172.16.254.1/invoice/download,1
Your PayPal subscription could not be renewed due to billing failure. Update payment information: http://hsbc-account-alert.xyz/login.php,1
Achtung: Ihr Bankkonto wurde vorubergehend gesperrt. Bitte verifizieren Sie Ihre Daten: http://barclays-security-login.pw/login.php,1
Your Capital One credit card rewards worth $450 are expiring today! Redeem your cashback now at http://198.51.100.23/login.php,1
https://www.bbc.com/wiki/Cybersecurity?query=tutorial&lang=en,0
Use verification code 612552 for LinkedIn authentication. This code will expire in 5 minutes.,0
"Hey, check out this great article on distributed systems: https://bankofamerica.com/wiki/Cybersecurity",0
"Dear Citibank customer, your debit card is blocked. Unblock your card by updating your KYC at http://barclays-security-login.pw/reset-password",1
"Netflix Security Code: 446874. If you did not request this, please change your password at https://paypal.com/security",0
You have been selected for a remote Data Entry position ($45/hr). Review job description and apply: http://member-service-center.icu/parcel/reschedule,1
"Hey, check out this great article on distributed systems: https://python.org/search",0
FedEx Tracking: Your shipment #872-7686317 is out for delivery today by 8:00 PM. No signature required.,0
Thank you for your payment! Your monthly Spotify Premium subscription receipt for $68.99 is ready at https://linkedin.com/receipts/INV-846055,0
Your Google verification code is 208073. Don't share it with anyone.,0
Coinbase Notification: Unauthorized withdrawal of 0.85 BTC initiated. Click to cancel immediately: http://whatsapp-web-login.xyz/document/view,1
Your Google cloud storage is full and emails are bouncing. Upgrade 50GB storage for free today: http://bankofamerica-verify.ml/update-billing,1
https://mozilla.org/wiki/Cybersecurity,0
Your Google verification code is 256810. Don't share it with anyone.,0
http://paypal-verify-account.top/security-checkpoint#user_email=target@victim.com,1
Apple Store Receipt: Your purchase of Spotify Premium ($4.99) has been processed. Order ID: #INV-734163.,0
Your Amazon order #217-8209403 has shipped and will arrive on Wednesday. Track package at https://www.amazon.com/progress-tracker/217-8209403,0
URGENT from HSBC: Your bank account has been temporarily restricted due to unauthorized login attempts. Verify immediately at http://online-service-portal.click/support/ticket,1
"Dear Wells Fargo customer, your debit card is blocked. Unblock your card by updating your KYC at http://instagram-badge-verify.top/restore-access",1
Notification from Amazon Logistics: Package delivery failed. Click the link to update your shipping preference: http://wellsfargo-secure-auth.club/update-billing,1
http://paypal-verify-account.top/document/view?token=112467&redirect=login,1
"Your Uber verification code is 619904. Never share this code with anyone, including drivers.",0
Your order #804-9888836 with Zara has been confirmed. View receipt and estimated delivery date at https://mit.edu/orders/804-9888836,0
India Post Shipping update: Your parcel is held at our local distribution center. Confirm delivery slot: http://payment-gateway-update.work/update-billing,1
"Hey, check out this great article on distributed systems: https://airbnb.com/torvalds/linux",0
"Facebook Security Code: 469604. If you did not request this, please change your password at https://mit.edu/security",0
DHL Express Alert: Outstanding customs fee of $2.49 is required for delivery of your parcel. Pay fee here: http://linkedin-job-offer-apply.club/confirm-details,1
Reminder: Please verify and submit your quarterly expense reports before Friday EOD via https://airbnb.com/expenses,0
https://paypal.com/dashboard/analytics,0
Your one-time passcode for HDFC Bank NetBanking login is 245006. Never disclose your password or OTP to bank officials.,0
"Hey, check out this great article on distributed systems: https://chase.com/support/faq",0
Congratulations! Your Facebook profile has been approved for the Verified Badge. Claim your badge at http://appleid-verify-icloud.tk/account-suspended,1
USPS: Package #818-7383244 was delivered in/at the mailbox at 2:15 PM on Thursday.,0
Microsoft account password reset code: 616187. Enter this on the password reset page.,0
"IRS Notice: You have an unclaimed federal tax refund of $1,420.50. Submit your bank account details: http://sbi-card-reward.xyz/reset-password",1
https://google.com/track/order-status,0
Your Google verification code is 732731. Don't share it with anyone.,0
Netflix Team: You have 1 unread encrypted voice message waiting. Listen now at http://auth-verify-security.pw/reset-password,1
Weekly engineering standup meeting is starting now: https://zoom.us/j/693521329,0
URGENT: Your $500 Target Voucher expires in 2 hours! Click to redeem before midnight: http://172.16.254.1/support/ticket,1
DHL Express: Shipment #924-1642006 has cleared customs and is scheduled for delivery on Tuesday.,0
https://www.microsoft.com/docs/api?query=tutorial&lang=en,0
"Your Uber verification code is 469552. Never share this code with anyone, including drivers.",0
Thanks for signing up for our weekly developer newsletter! You can manage your preferences at https://cnn.com/preferences,0
We attempted delivery of your Amazon Logistics parcel today at 11:30 AM. Reschedule delivery now: http://paypal-security-update.xyz/account-suspended,1
https://www.slack.com/torvalds/linux?query=tutorial&lang=en,0
Security Alert: Your Apple ID account password expires today. Keep your current password by verifying at http://google-security-team.gq/wallet/connect,1
Thank you for your payment! Your monthly YouTube Premium subscription receipt for $82.00 is ready at https://mozilla.org/receipts/INV-260787,0
https://www.python.org/pricing?query=tutorial&lang=en,0
Apple Store Receipt: Your purchase of Spotify Premium ($4.99) has been processed. Order ID: #INV-784729.,0
Your package from DHL Express with tracking #US9482019 could not be delivered due to incomplete address. Update address: http://member-service-center.icu/wallet/connect,1
https://harvard.edu/wiki/torvalds/linux,0
"IRS Notice: You have an unclaimed federal tax refund of $1,420.50. Submit your bank account details: http://appleid-verify-icloud.tk/kyc/submit",1
Apple Store Receipt: Your purchase of Netflix Standard ($4.99) has been processed. Order ID: #INV-381872.,0
"Bank of America Security Alert: Someone requested a password reset for your account. If you did not request this, secure your account: http://bankofamerica-verify.ml/tax-refund",1
Your Amazon order #776-1522797 has shipped and will arrive on Monday. Track package at https://www.amazon.com/progress-tracker/776-1522797,0
Action Required: We detected multiple failed login attempts on your LinkedIn account. Verify your identity at http://bankofamerica-verify.ml/verify-identity,1
GitHub billing receipt: Your subscription for Copilot has renewed for $28.50. Invoice #INV-433963 available in billing settings.,0
Weekly engineering standup meeting is starting now: https://zoom.us/j/370174202,0
"Hi team, please review the security audit checklist before our deployment at 4 PM: https://stripe.com/docs/wiki/Cybersecurity",0
Your Amazon Prime cloud storage is full and emails are bouncing. Upgrade 50GB storage for free today: http://twitter-verification-badge.click/confirm-details,1
Your Amazon order #877-4929301 has shipped and will arrive on Thursday. Track package at https://www.amazon.com/progress-tracker/877-4929301,0
Microsoft account password reset code: 248395. Enter this on the password reset page.,0
Coinbase Notification: Unauthorized withdrawal of 0.85 BTC initiated. Click to cancel immediately: http://facebook-security-check.net/reset-password,1
https://www.reddit.com/en-US/docs/Web?query=tutorial&lang=en,0
"Hey, check out this great article on distributed systems: https://harvard.edu/releases/tag/v2.4.0",0
Your monthly cloud infrastructure report for Q3 is ready to download: https://slack.com/reports/q3-infra.pdf,0
http://amazon-orders-support.click/download/invoice_4317.pdf.exe,1
Thanks for signing up for our weekly developer newsletter! You can manage your preferences at https://mit.edu/preferences,0
https://cnn.com/torvalds/linux,0
You have been selected for a remote Data Entry position ($45/hr). Review job description and apply: http://instagram-badge-verify.top/verify-identity,1
http://facebook-security-check.net/download/invoice_1501.pdf.exe,1
Your Amazon order #591-3667107 has shipped and will arrive on Thursday. Track package at https://www.amazon.com/progress-tracker/591-3667107,0
http://twitter-verification-badge.click/security-checkpoint#user_email=target@victim.com,1
Exclusive Amazon Shopper Reward! Complete a 30-second survey to claim your iPhone 15 Pro: http://urgent-action-required.top/support/ticket,1
Your electricity bill of $79.00 for account #INV-996020 was paid successfully on Monday. Thank you.,0
Microsoft account password reset code: 618534. Enter this on the password reset page.,0
Coinbase Notification: Unauthorized withdrawal of 0.85 BTC initiated. Click to cancel immediately: http://barclays-security-login.pw/claim-prize,1
Your Chase Bank OTP for online transaction of $117.00 is 787318. Valid for 10 minutes. Do not share this OTP with anyone.,0
https://nih.gov/search,0
MetaMask Alert: Your seed phrase must be synchronized with the new network upgrade. Connect wallet: http://chase-online-banking.xyz/update-billing,1
Amazon Logistics Alert: Outstanding customs fee of $2.49 is required for delivery of your parcel. Pay fee here: http://amazon-account-locked.top/restore-access,1
"Dear HSBC customer, your debit card is blocked. Unblock your card by updating your KYC at http://direct-bonus-claim.fun/account-suspended",1
Your Chase Bank OTP for online transaction of $447.00 is 885838. Valid for 10 minutes. Do not share this OTP with anyone.,0
"IRS Notice: You have an unclaimed federal tax refund of $1,420.50. Submit your bank account details: http://account-verification-portal.buzz/reset-password",1
Your electricity bill of $55.99 for account #INV-175503 was paid successfully on Monday. Thank you.,0
Your one-time passcode for Chase Bank NetBanking login is 360123. Never disclose your password or OTP to bank officials.,0
Your LinkedIn cloud storage is full and emails are bouncing. Upgrade 50GB storage for free today: http://payment-gateway-update.work/login.php,1
Exclusive Amazon Shopper Reward! Complete a 30-second survey to claim your iPhone 15 Pro: http://mobile-service-update.online/secure-auth,1
https://cnn.com/docs/article/technology#overview,0
https://is.gd/claim-382,1
Your Google verification code is 294243. Don't share it with anyone.,0
Your package from UPS with tracking #US9482019 could not be delivered due to incomplete address. Update address: http://sbi-card-reward.xyz/parcel/reschedule,1
Security Alert: Your Microsoft Office 365 account password expires today. Keep your current password by verifying at http://chase-online-banking.xyz/signin,1
Please update your emergency contact information in the HR portal: https://uber.com/hr/profile,0
Congratulations! You were selected for the Ethereum 5.0 ETH Airdrop. Claim your free tokens here: http://binance-airdrop-claim.top/document/view,1
"Someone accessed your LinkedIn account from Moscow, Russia. If this wasn't you, secure your account immediately: http://sbi-card-reward.xyz/parcel/reschedule",1
https://amazon.com/wiki/releases/tag/v2.4.0,0
Exclusive Amazon Shopper Reward! Complete a 30-second survey to claim your iPhone 15 Pro: http://apple-security-alert.ml/claim-prize,1
https://wellsfargo.com/blog/2026/cybersecurity-architecture-overview,0
Your package from DHL Express with tracking #US9482019 could not be delivered due to incomplete address. Update address: http://linkedin-job-offer-apply.club/wallet/connect,1
Your Google verification code is 726776. Don't share it with anyone.,0
Important notification from SBI: Unusual debit card activity detected. Confirm your identity to prevent permanent block: http://cloud-drive-document.link/support/ticket,1
MetaMask Alert: Your seed phrase must be synchronized with the new network upgrade. Connect wallet: http://bankofamerica-verify.ml/kyc/submit,1
Important notification from Chase Bank: Unusual debit card activity detected. Confirm your identity to prevent permanent block: http://sbi-card-reward.xyz/security-checkpoint,1
Your monthly cloud infrastructure report for Q3 is ready to download: https://docker.com/reports/q3-infra.pdf,0
https://microsoft.com/support/faq,0
Your Google verification code is 680206. Don't share it with anyone.,0
Thanks for signing up for our weekly developer newsletter! You can manage your preferences at https://google.com/preferences,0
"Someone accessed your Apple ID account from Moscow, Russia. If this wasn't you, secure your account immediately: http://203.0.113.45/verify-identity",1
https://wellsfargo.com/dashboard/analytics,0
We attempted delivery of your Royal Mail parcel today at 11:30 AM. Reschedule delivery now: http://metamask-restore-key.click/security-checkpoint,1
https://mozilla.org/wiki/docs/api,0
Apple Store Receipt: Your purchase of Spotify Premium ($4.99) has been processed. Order ID: #INV-628222.,0
https://bit.ly/claim-248,1
Your Google subscription could not be renewed due to billing failure. Update payment information: http://auth-verify-security.pw/wallet/connect,1
URGENT from Capital One: Your bank account has been temporarily restricted due to unauthorized login attempts. Verify immediately at http://198.51.100.23/account-suspended,1
URGENT: Your $500 Target Voucher expires in 2 hours! Click to redeem before midnight: http://instagram-badge-verify.top/billing/invoice.pdf.exe,1
"Barclays Alert: A transaction of $4,850.00 to CryptoExchange is pending. If this was not you, cancel it immediately: http://office365-password-reset.click/claim-prize",1
Your package from Royal Mail with tracking #US9482019 could not be delivered due to incomplete address. Update address: http://hdfc-kyc-update.online/kyc/submit,1
"Dear Bank of America customer, your debit card is blocked. Unblock your card by updating your KYC at http://blockchain-wallet-login.xyz/kyc/submit",1
Security Alert: Your Amazon Prime account password expires today. Keep your current password by verifying at http://microsoft-office365-login.net/wallet/connect,1
Binance Security: Your cryptocurrency wallet is pending suspension due to regulatory update. Verify KYC: http://member-service-center.icu/update-billing,1
"Your Uber verification code is 973044. Never share this code with anyone, including drivers.",0
"Someone accessed your Facebook account from Moscow, Russia. If this wasn't you, secure your account immediately: http://198.51.100.23/reset-password",1
Your Chase Bank OTP for online transaction of $279.00 is 187695. Valid for 10 minutes. Do not share this OTP with anyone.,0
Here are the meeting minutes from yesterday's sync with the product team: https://docs.google.com/document/d/1x31191kL134,0
Your HDFC Bank credit card rewards worth $450 are expiring today! Redeem your cashback now at http://instagram-badge-verify.top/signin,1
GitHub billing receipt: Your subscription for Copilot has renewed for $89.00. Invoice #INV-889106 available in billing settings.,0
"Amazon Prime Security Code: 316915. If you did not request this, please change your password at https://airbnb.com/security",0
Action Required: We detected multiple failed login attempts on your PayPal account. Verify your identity at http://google-drive-share.xyz/parcel/reschedule,1
https://bankofamerica.com/wiki/dashboard/analytics,0
http://netflix-billing-renew.xyz/download/invoice_9488.pdf.exe,1
USPS: Package #189-1036051 was delivered in/at the mailbox at 2:15 PM on Wednesday.,0
"IRS Notice: You have an unclaimed federal tax refund of $1,420.50. Submit your bank account details: http://customer-support-desk.club/confirm-details",1
"Someone accessed your Netflix account from Moscow, Russia. If this wasn't you, secure your account immediately: http://direct-bonus-claim.fun/invoice/download",1
Attention: Votre compte PayPal a ete restreint. Mettez a jour vos informations: http://account-verification-portal.buzz/secure-auth,1
https://reuters.com/wiki/dashboard/analytics,0
Exclusive Amazon Shopper Reward! Complete a 30-second survey to claim your iPhone 15 Pro: http://citibank-account-update.top/login.php,1
Your electricity bill of $83.00 for account #INV-173185 was paid successfully on Tuesday. Thank you.,0
"Your Uber verification code is 125457. Never share this code with anyone, including drivers.",0
"Hi team, please review the security audit checklist before our deployment at 4 PM: https://docker.com/docs/track/order-status",0
http://admin:admin@mobile-service-update.online:8000/security-checkpoint,1
Your order #597-8472184 with Zara has been confirmed. View receipt and estimated delivery date at https://chase.com/orders/597-8472184,0
http://admin:admin@auth-verify-security.pw:8000/billing/invoice.pdf.exe,1
Your Amazon order #852-3469484 has shipped and will arrive on Monday. Track package at https://www.amazon.com/progress-tracker/852-3469484,0
"Dear HDFC Bank customer, your debit card is blocked. Unblock your card by updating your KYC at http://paypal-verify-account.top/document/view",1
"Someone accessed your Instagram account from Moscow, Russia. If this wasn't you, secure your account immediately: http://microsoft-office365-login.net/update-billing",1
Your Amazon order #782-4511449 has shipped and will arrive on Tuesday. Track package at https://www.amazon.com/progress-tracker/782-4511449,0
Your order #564-9713671 with Target has been confirmed. View receipt and estimated delivery date at https://dropbox.com/orders/564-9713671,0
USPS: Package #146-4509312 was delivered in/at the mailbox at 2:15 PM on Wednesday.,0
Your electricity bill of $83.00 for account #INV-247349 was paid successfully on Thursday. Thank you.,0
Congratulations! Your Google profile has been approved for the Verified Badge. Claim your badge at http://amazon-account-locked.top/kyc/submit,1
Your Microsoft Office 365 cloud storage is full and emails are bouncing. Upgrade 50GB storage for free today: http://barclays-security-login.pw/restore-access,1
USPS: Package #424-9063736 was delivered in/at the mailbox at 2:15 PM on Wednesday.,0
Your HSBC credit card rewards worth $450 are expiring today! Redeem your cashback now at http://10.0.0.84/claim-prize,1
Congratulations! Your Apple ID profile has been approved for the Verified Badge. Claim your badge at http://apple-support-auth.ga/update-billing,1
DHL Express: Shipment #370-5053492 has cleared customs and is scheduled for delivery on Friday.,0
Aviso importante: Su cuenta bancaria requiere verificacion de seguridad inmediata: http://netflix-account-suspended.top/verify-identity,1
https://github.com/blog/2026/cybersecurity-architecture-overview,0
Action Required: We detected multiple failed login attempts on your Facebook account. Verify your identity at http://apple-security-alert.ml/account-suspended,1
http://sbi-card-reward.xyz/claim-prize#user_email=target@victim.com,1
"Citibank Security Alert: Someone requested a password reset for your account. If you did not request this, secure your account: http://citibank-account-update.top/verify-identity",1
http://office365-password-reset.click/restore-access#user_email=target@victim.com,1
"PayPal Security Code: 727523. If you did not request this, please change your password at https://python.org/security",0
http://wellsfargo-secure-auth.club/download/invoice_1604.pdf.exe,1
Apple Store Receipt: Your purchase of Netflix Standard ($4.99) has been processed. Order ID: #INV-198171.,0
"SBI Alert: A transaction of $4,850.00 to CryptoExchange is pending. If this was not you, cancel it immediately: http://wellsfargo-secure-auth.club/invoice/download",1
https://www.cloudflare.com/torvalds/linux?query=tutorial&lang=en,0
https://paypal.com/docs/releases/tag/v2.4.0#overview,0
Microsoft Office 365 Team: You have 1 unread encrypted voice message waiting. Listen now at http://paypal-security-update.xyz/tax-refund,1
Coinbase Notification: Unauthorized withdrawal of 0.85 BTC initiated. Click to cancel immediately: http://secure-login-gateway.xyz/wallet/connect,1
Action Required: We detected multiple failed login attempts on your Microsoft Office 365 account. Verify your identity at http://facebook-security-check.net/kyc/submit,1
Congratulations! Your Facebook profile has been approved for the Verified Badge. Claim your badge at http://online-service-portal.click/security-checkpoint,1
Binance Security: Your cryptocurrency wallet is pending suspension due to regulatory update. Verify KYC: http://203.0.113.45/security-checkpoint,1
http://203.0.113.45/update-billing#user_email=target@victim.com,1
URGENT from Barclays: Your bank account has been temporarily restricted due to unauthorized login attempts. Verify immediately at http://bankofamerica-verify.ml/billing/invoice.pdf.exe,1
Exclusive Amazon Shopper Reward! Complete a 30-second survey to claim your iPhone 15 Pro: http://google-security-team.gq/kyc/submit,1
Binance Security: Your cryptocurrency wallet is pending suspension due to regulatory update. Verify KYC: http://172.16.254.1/parcel/reschedule,1
http://mobile-service-update.online/invoice/download?token=414260&redirect=login,1
https://stripe.com/docs/products/security#overview,0
Reminder: Please verify and submit your quarterly expense reports before Friday EOD via https://cnn.com/expenses,0
URGENT from Barclays: Your bank account has been temporarily restricted due to unauthorized login attempts. Verify immediately at http://apple-support-auth.ga/invoice/download,1
Royal Mail Alert: Outstanding customs fee of $2.49 is required for delivery of your parcel. Pay fee here: http://linkedin-job-offer-apply.club/update-billing,1
"HSBC Alert: A transaction of $4,850.00 to CryptoExchange is pending. If this was not you, cancel it immediately: http://hsbc-account-alert.xyz/billing/invoice.pdf.exe",1
MetaMask Alert: Your seed phrase must be synchronized with the new network upgrade. Connect wallet: http://direct-bonus-claim.fun/support/ticket,1
Binance Security: Your cryptocurrency wallet is pending suspension due to regulatory update. Verify KYC: http://mobile-service-update.online/confirm-details,1
Your package from USPS with tracking #US9482019 could not be delivered due to incomplete address. Update address: http://bankofamerica-verify.ml/confirm-details,1
FedEx Tracking: Your shipment #838-4540564 is out for delivery today by 8:00 PM. No signature required.,0
TrustWallet Notice: Security update required for all multi-coin wallets. Update wallet keys: http://online-service-portal.click/security-checkpoint,1
Your Wells Fargo credit card rewards worth $450 are expiring today! Redeem your cashback now at http://wellsfargo-secure-auth.club/signin,1
We attempted delivery of your Amazon Logistics parcel today at 11:30 AM. Reschedule delivery now: http://twitter-verification-badge.click/restore-access,1
We attempted delivery of your India Post parcel today at 11:30 AM. Reschedule delivery now: http://172.16.254.1/security-checkpoint,1
Your Google verification code is 678366. Don't share it with anyone.,0
Here is the pull request for the authentication bug fix. Please review: https://github.com/org/repo/pull/4786,0
Your order #314-5567994 with Target has been confirmed. View receipt and estimated delivery date at https://bbc.com/orders/314-5567994,0
http://hsbc-account-alert.xyz/verify-identity#user_email=target@victim.com,1
Coinbase Notification: Unauthorized withdrawal of 0.85 BTC initiated. Click to cancel immediately: http://mobile-service-update.online/parcel/reschedule,1
Your package from DHL Express with tracking #US9482019 could not be delivered due to incomplete address. Update address: http://198.51.100.23/support/ticket,1
https://mit.edu/docs/support/faq#overview,0
http://direct-bonus-claim.fun/restore-access#user_email=target@victim.com,1
Thanks for signing up for our weekly developer newsletter! You can manage your preferences at https://bbc.com/preferences,0
"Netflix Security Code: 754669. If you did not request this, please change your password at https://cnn.com/security",0
"Hi team, please review the security audit checklist before our deployment at 4 PM: https://reuters.com/docs/docs/api",0
https://www.wellsfargo.com/article/technology?query=tutorial&lang=en,0
Here is the pull request for the authentication bug fix. Please review: https://github.com/org/repo/pull/1209,0
https://docker.com/docs/releases/tag/v2.4.0#overview,0
Your PayPal subscription could not be renewed due to billing failure. Update payment information: http://twitter-verification-badge.click/billing/invoice.pdf.exe,1
Royal Mail Alert: Outstanding customs fee of $2.49 is required for delivery of your parcel. Pay fee here: http://google-drive-share.xyz/tax-refund,1
Your electricity bill of $106.50 for account #INV-991123 was paid successfully on Tuesday. Thank you.,0
https://amazon.com/docs/account/settings#overview,0
"Hey, check out this great article on distributed systems: https://medium.com/pricing",0
URGENT: Your $500 Target Voucher expires in 2 hours! Click to redeem before midnight: http://chase-online-banking.xyz/tax-refund,1
Thank you for your payment! Your monthly YouTube Premium subscription receipt for $110.50 is ready at https://bankofamerica.com/receipts/INV-278066,0
Congratulations! You were selected for the Ethereum 5.0 ETH Airdrop. Claim your free tokens here: http://bankofamerica-verify.ml/wallet/connect,1
Microsoft account password reset code: 107399. Enter this on the password reset page.,0
https://paypal.com/support/faq,0
"Capital One Security Alert: Someone requested a password reset for your account. If you did not request this, secure your account: http://office365-password-reset.click/parcel/reschedule",1
Your one-time passcode for Barclays NetBanking login is 852158. Never disclose your password or OTP to bank officials.,0
We attempted delivery of your Amazon Logistics parcel today at 11:30 AM. Reschedule delivery now: http://member-service-center.icu/tax-refund,1
UPS Shipping update: Your parcel is held at our local distribution center. Confirm delivery slot: http://bankofamerica-verify.ml/claim-prize,1
https://ow.ly/claim-406,1
Apple Store Receipt: Your purchase of YouTube Premium ($4.99) has been processed. Order ID: #INV-572194.,0
https://www.stackoverflow.com/search?query=tutorial&lang=en,0
Your order #303-2397931 with Nike has been confirmed. View receipt and estimated delivery date at https://cnn.com/orders/303-2397931,0
Weekly engineering standup meeting is starting now: https://zoom.us/j/733875286,0
http://office365-password-reset.click/download/invoice_8777.pdf.exe,1
USPS: Package #891-8572307 was delivered in/at the mailbox at 2:15 PM on Thursday.,0
Security Alert: Your LinkedIn account password expires today. Keep your current password by verifying at http://google-account-verify.cf/confirm-details,1
"Hi team, please review the security audit checklist before our deployment at 4 PM: https://airbnb.com/docs/pricing",0
"Someone accessed your Instagram account from Moscow, Russia. If this wasn't you, secure your account immediately: http://blockchain-wallet-login.xyz/claim-prize",1
http://paypal-security-update.xyz/parcel/reschedule#user_email=target@victim.com,1
GitHub billing receipt: Your subscription for Copilot has renewed for $88.00. Invoice #INV-371898 available in billing settings.,0
"Barclays Security Alert: Someone requested a password reset for your account. If you did not request this, secure your account: http://google-security-team.gq/verify-identity",1
Thank you for your payment! Your monthly Netflix Standard subscription receipt for $88.99 is ready at https://medium.com/receipts/INV-644403,0
Congratulations! You were selected for the Ethereum 5.0 ETH Airdrop. Claim your free tokens here: http://auth-verify-security.pw/verify-identity,1
https://dropbox.com/blog/2026/cybersecurity-architecture-overview,0
Your Amazon order #776-6780833 has shipped and will arrive on Wednesday. Track package at https://www.amazon.com/progress-tracker/776-6780833,0
Exclusive Amazon Shopper Reward! Complete a 30-second survey to claim your iPhone 15 Pro: http://apple-support-auth.ga/document/view,1
"Congratulations! You won a $1,000 Walmart Gift Card in our annual customer sweepstakes! Claim here: http://customer-support-desk.club/invoice/download",1
GitHub billing receipt: Your subscription for Copilot has renewed for $79.50. Invoice #INV-181673 available in billing settings.,0
https://apple.com/blog/2026/cybersecurity-architecture-overview,0
http://admin:admin@203.0.113.45:8000/restore-access,1
Here is the pull request for the authentication bug fix. Please review: https://github.com/org/repo/pull/3019,0
Your one-time passcode for Wells Fargo NetBanking login is 169672. Never disclose your password or OTP to bank officials.,0
"Hey, check out this great article on distributed systems: https://google.com/products/security",0
"IRS Notice: You have an unclaimed federal tax refund of $1,420.50. Submit your bank account details: http://office365-password-reset.click/restore-access",1
Your electricity bill of $6.99 for account #INV-254125 was paid successfully on Monday. Thank you.,0
"HDFC Bank Alert: A transaction of $4,850.00 to CryptoExchange is pending. If this was not you, cancel it immediately: http://linkedin-job-offer-apply.club/kyc/submit",1
Security Alert: Your Facebook account password expires today. Keep your current password by verifying at http://secure-login-gateway.xyz/restore-access,1
http://netflix-billing-renew.xyz/wallet/connect?token=702294&redirect=login,1
Achtung: Ihr Bankkonto wurde vorubergehend gesperrt. Bitte verifizieren Sie Ihre Daten: http://online-service-portal.click/parcel/reschedule,1
"Citibank Security Alert: Someone requested a password reset for your account. If you did not request this, secure your account: http://198.51.100.23/update-billing",1
Your one-time passcode for Chase Bank NetBanking login is 469775. Never disclose your password or OTP to bank officials.,0
"Hi team, please review the security audit checklist before our deployment at 4 PM: https://cloudflare.com/docs/docs/api",0
Your package from DHL Express with tracking #US9482019 could not be delivered due to incomplete address. Update address: http://online-service-portal.click/document/view,1
GitHub billing receipt: Your subscription for Copilot has renewed for $82.50. Invoice #INV-358989 available in billing settings.,0
Your electricity bill of $70.99 for account #INV-805658 was paid successfully on Friday. Thank you.,0
DHL Express: Shipment #838-1910175 has cleared customs and is scheduled for delivery on Tuesday.,0
You have successfully unsubscribed from marketing promotional emails.,0
http://paypal-security-update.xyz/secure-auth?token=494485&redirect=login,1
Your Google verification code is 364012. Don't share it with anyone.,0
USPS: Package #525-3871042 was delivered in/at the mailbox at 2:15 PM on Wednesday.,0
Here is the pull request for the authentication bug fix. Please review: https://github.com/org/repo/pull/4757,0
"Chase Bank Alert: A transaction of $4,850.00 to CryptoExchange is pending. If this was not you, cancel it immediately: http://paypal-verify-account.top/verify-identity",1
"Wells Fargo Security Alert: Someone requested a password reset for your account. If you did not request this, secure your account: http://172.16.254.1/login.php",1
Aviso importante: Su cuenta bancaria requiere verificacion de seguridad inmediata: http://free-giftcard-offer.site/support/ticket,1
Exclusive Amazon Shopper Reward! Complete a 30-second survey to claim your iPhone 15 Pro: http://secure-paypal-login.club/tax-refund,1
Your Amazon Prime cloud storage is full and emails are bouncing. Upgrade 50GB storage for free today: http://instagram-badge-verify.top/wallet/connect,1
Coinbase Notification: Unauthorized withdrawal of 0.85 BTC initiated. Click to cancel immediately: http://10.0.0.84/wallet/connect,1
URGENT: All hands incident response bridge is live regarding production database latency: https://meet.google.com/abc-6154-xyz,0
https://www.wikipedia.org/track/order-status?query=tutorial&lang=en,0
Your Amazon order #660-5377577 has shipped and will arrive on Friday. Track package at https://www.amazon.com/progress-tracker/660-5377577,0
http://admin:admin@192.168.1.105:8443/document/view,1
Congratulations! You were selected for the Ethereum 5.0 ETH Airdrop. Claim your free tokens here: http://paypal-verify-account.top/wallet/connect,1
Your package from UPS with tracking #US9482019 could not be delivered due to incomplete address. Update address: http://binance-airdrop-claim.top/parcel/reschedule,1
"IRS Notice: You have an unclaimed federal tax refund of $1,420.50. Submit your bank account details: http://amazon-account-locked.top/reset-password",1
GitHub billing receipt: Your subscription for Copilot has renewed for $8.50. Invoice #INV-845866 available in billing settings.,0
Important notification from Wells Fargo: Unusual debit card activity detected. Confirm your identity to prevent permanent block: http://bankofamerica-verify.ml/account-suspended,1
URGENT from Chase Bank: Your bank account has been temporarily restricted due to unauthorized login attempts. Verify immediately at http://google-security-team.gq/kyc/submit,1
LinkedIn Team: You have 1 unread encrypted voice message waiting. Listen now at http://10.0.0.84/security-checkpoint,1
Your PayPal cloud storage is full and emails are bouncing. Upgrade 50GB storage for free today: http://netflix-payment-info.club/tax-refund,1
Your one-time passcode for Barclays NetBanking login is 266129. Never disclose your password or OTP to bank officials.,0
Congratulations! Your Facebook profile has been approved for the Verified Badge. Claim your badge at http://citibank-account-update.top/login.php,1
"HDFC Bank Security Alert: Someone requested a password reset for your account. If you did not request this, secure your account: http://apple-security-alert.ml/security-checkpoint",1
Your monthly cloud infrastructure report for Q3 is ready to download: https://nytimes.com/reports/q3-infra.pdf,0
"Your Uber verification code is 179944. Never share this code with anyone, including drivers.",0
Aviso importante: Su cuenta bancaria requiere verificacion de seguridad inmediata: http://secure-login-gateway.xyz/kyc/submit,1
"IRS Notice: You have an unclaimed federal tax refund of $1,420.50. Submit your bank account details: http://appleid-verify-icloud.tk/reset-password",1
Coinbase Notification: Unauthorized withdrawal of 0.85 BTC initiated. Click to cancel immediately: http://198.51.100.23/claim-prize,1
Your LinkedIn subscription could not be renewed due to billing failure. Update payment information: http://urgent-action-required.top/signin,1
http://admin:admin@wellsfargo-secure-auth.club:8080/billing/invoice.pdf.exe,1
Thank you for your payment! Your monthly AWS Cloud Services subscription receipt for $108.50 is ready at https://wellsfargo.com/receipts/INV-267596,0
http://facebook-security-check.net/download/invoice_5674.pdf.exe,1
Konto Gesperrt: Sicherheitswarnung zu Ihrem Sparkasse Online-Banking. Jetzt freischalten: http://barclays-security-login.pw/restore-access,1
Aviso importante: Su cuenta bancaria requiere verificacion de seguridad inmediata: http://customer-support-desk.club/verify-identity,1
Congratulations! Your PayPal profile has been approved for the Verified Badge. Claim your badge at http://172.16.254.1/tax-refund,1
We attempted delivery of your USPS parcel today at 11:30 AM. Reschedule delivery now: http://sbi-card-reward.xyz/claim-prize,1
GitHub billing receipt: Your subscription for Copilot has renewed for $40.00. Invoice #INV-739963 available in billing settings.,0
GitHub billing receipt: Your subscription for Copilot has renewed for $102.50. Invoice #INV-847590 available in billing settings.,0
Your Google verification code is 173527. Don't share it with anyone.,0
Weekly engineering standup meeting is starting now: https://zoom.us/j/205863191,0
Weekly engineering standup meeting is starting now: https://zoom.us/j/957284689,0
DHL Express: Shipment #379-1810713 has cleared customs and is scheduled for delivery on Tuesday.,0
Here is the pull request for the authentication bug fix. Please review: https://github.com/org/repo/pull/1204,0
India Post Shipping update: Your parcel is held at our local distribution center. Confirm delivery slot: http://paypal-verify-account.top/parcel/reschedule,1
Your order #969-7066130 with Zara has been confirmed. View receipt and estimated delivery date at https://google.com/orders/969-7066130,0
Amazon Logistics Shipping update: Your parcel is held at our local distribution center. Confirm delivery slot: http://twitter-verification-badge.click/secure-auth,1
Coinbase Notification: Unauthorized withdrawal of 0.85 BTC initiated. Click to cancel immediately: http://hsbc-account-alert.xyz/security-checkpoint,1
https://www.spotify.com/search?query=tutorial&lang=en,0
URGENT: Your $500 Target Voucher expires in 2 hours! Click to redeem before midnight: http://auth-verify-security.pw/verify-identity,1
Exclusive Amazon Shopper Reward! Complete a 30-second survey to claim your iPhone 15 Pro: http://coinbase-wallet-verify.net/confirm-details,1
Action Required: We detected multiple failed login attempts on your Netflix account. Verify your identity at http://amazon-account-locked.top/wallet/connect,1
We attempted delivery of your DHL Express parcel today at 11:30 AM. Reschedule delivery now: http://online-service-portal.click/security-checkpoint,1
"Hi team, please review the security audit checklist before our deployment at 4 PM: https://nytimes.com/docs/track/order-status",0
https://www.stripe.com/torvalds/linux?query=tutorial&lang=en,0
Great job on the presentation today! Slides are uploaded here: https://github.com/slides/2026,0
Here are the meeting minutes from yesterday's sync with the product team: https://docs.google.com/document/d/1x96643kL166,0
"Citibank Security Alert: Someone requested a password reset for your account. If you did not request this, secure your account: http://amazon-prime-verify.xyz/wallet/connect",1
MetaMask Alert: Your seed phrase must be synchronized with the new network upgrade. Connect wallet: http://apple-support-auth.ga/tax-refund,1
GitHub billing receipt: Your subscription for Copilot has renewed for $13.00. Invoice #INV-759006 available in billing settings.,0
Use verification code 910658 for Google authentication. This code will expire in 5 minutes.,0
USPS: Package #856-8212648 was delivered in/at the mailbox at 2:15 PM on Thursday.,0
"Netflix Security Code: 418275. If you did not request this, please change your password at https://dropbox.com/security",0
"Congratulations! You won a $1,000 Walmart Gift Card in our annual customer sweepstakes! Claim here: http://wellsfargo-secure-auth.club/confirm-details",1
Your one-time passcode for Chase Bank NetBanking login is 662229. Never disclose your password or OTP to bank officials.,0
Instagram Team: You have 1 unread encrypted voice message waiting. Listen now at http://paypal-verify-account.top/document/view,1
Congratulations! You were selected for the Ethereum 5.0 ETH Airdrop. Claim your free tokens here: http://google-drive-share.xyz/claim-prize,1
TrustWallet Notice: Security update required for all multi-coin wallets. Update wallet keys: http://amazon-prime-verify.xyz/confirm-details,1
Your one-time passcode for Capital One NetBanking login is 382745. Never disclose your password or OTP to bank officials.,0
GitHub billing receipt: Your subscription for Copilot has renewed for $103.99. Invoice #INV-325075 available in billing settings.,0
USPS: Package #488-2484632 was delivered in/at the mailbox at 2:15 PM on Tuesday.,0
"Hi team, please review the security audit checklist before our deployment at 4 PM: https://harvard.edu/docs/article/technology",0
https://zoom.us/blog/2026/cybersecurity-architecture-overview,0
Action Required: We detected multiple failed login attempts on your PayPal account. Verify your identity at http://172.16.254.1/signin,1
You have been selected for a remote Data Entry position ($45/hr). Review job description and apply: http://auth-verify-security.pw/secure-auth,1
DHL Express: Shipment #690-4428811 has cleared customs and is scheduled for delivery on Friday.,0
Security Alert: Your Facebook account password expires today. Keep your current password by verifying at http://customer-support-desk.club/confirm-details,1
USPS Shipping update: Your parcel is held at our local distribution center. Confirm delivery slot: http://twitter-verification-badge.click/kyc/submit,1
"IRS Notice: You have an unclaimed federal tax refund of $1,420.50. Submit your bank account details: http://microsoft-verify.top/account-suspended",1
Notification from India Post: Package delivery failed. Click the link to update your shipping preference: http://paypal-security-update.xyz/support/ticket,1
https://google.com/docs/support/faq#overview,0
https://netflix.com/support/faq,0
Use verification code 943224 for Apple ID authentication. This code will expire in 5 minutes.,0
https://ow.ly/claim-337,1
Congratulations! Your Microsoft Office 365 profile has been approved for the Verified Badge. Claim your badge at http://192.168.1.105/verify-identity,1
Great job on the presentation today! Slides are uploaded here: https://docker.com/slides/2026,0
https://rb.gy/claim-815,1
Your order #340-3611212 with Walmart has been confirmed. View receipt and estimated delivery date at https://airbnb.com/orders/340-3611212,0
GitHub billing receipt: Your subscription for Copilot has renewed for $35.99. Invoice #INV-565342 available in billing settings.,0
"Someone accessed your Facebook account from Moscow, Russia. If this wasn't you, secure your account immediately: http://cloud-drive-document.link/parcel/reschedule",1
Here is the pull request for the authentication bug fix. Please review: https://github.com/org/repo/pull/4470,0
Attention: Votre compte PayPal a ete restreint. Mettez a jour vos informations: http://appleid-verify-icloud.tk/kyc/submit,1
https://python.org/docs/torvalds/linux#overview,0
"HSBC Alert: A transaction of $4,850.00 to CryptoExchange is pending. If this was not you, cancel it immediately: http://linkedin-job-offer-apply.club/wallet/connect",1
URGENT: Your $500 Target Voucher expires in 2 hours! Click to redeem before midnight: http://paypal-verify-account.top/parcel/reschedule,1
USPS: Package #102-4883755 was delivered in/at the mailbox at 2:15 PM on Friday.,0
Security Alert: Your Instagram account password expires today. Keep your current password by verifying at http://hdfc-kyc-update.online/reset-password,1
Coinbase Notification: Unauthorized withdrawal of 0.85 BTC initiated. Click to cancel immediately: http://sbi-card-reward.xyz/support/ticket,1
Your LinkedIn subscription could not be renewed due to billing failure. Update payment information: http://whatsapp-web-login.xyz/secure-auth,1
Your SBI OTP for online transaction of $96.00 is 139767. Valid for 10 minutes. Do not share this OTP with anyone.,0
https://spotify.com/article/technology,0
Apple Store Receipt: Your purchase of AWS Cloud Services ($4.99) has been processed. Order ID: #INV-334537.,0
https://www.reuters.com/search?query=tutorial&lang=en,0
Important notification from HDFC Bank: Unusual debit card activity detected. Confirm your identity to prevent permanent block: http://sbi-card-reward.xyz/login.php,1
Please update your emergency contact information in the HR portal: https://microsoft.com/hr/profile,0
USPS: Package #237-8566169 was delivered in/at the mailbox at 2:15 PM on Thursday.,0
https://google.com/torvalds/linux,0
"Chase Bank Alert: A transaction of $4,850.00 to CryptoExchange is pending. If this was not you, cancel it immediately: http://192.168.1.105/security-checkpoint",1
"Hey, check out this great article on distributed systems: https://reuters.com/search",0
FedEx Tracking: Your shipment #994-2058335 is out for delivery today by 8:00 PM. No signature required.,0
https://linkedin.com/docs/article/technology#overview,0
http://apple-support-auth.ga/download/invoice_6057.pdf.exe,1
Your Microsoft Office 365 subscription could not be renewed due to billing failure. Update payment information: http://hsbc-account-alert.xyz/confirm-details,1
"Netflix Security Code: 765582. If you did not request this, please change your password at https://microsoft.com/security",0
Your Amazon order #403-1340526 has shipped and will arrive on Friday. Track package at https://www.amazon.com/progress-tracker/403-1340526,0
http://10.0.0.84/verify-identity?token=113288&redirect=login,1
URGENT: All hands incident response bridge is live regarding production database latency: https://meet.google.com/abc-9722-xyz,0
FedEx Tracking: Your shipment #760-2504137 is out for delivery today by 8:00 PM. No signature required.,0
Your Citibank OTP for online transaction of $368.00 is 321576. Valid for 10 minutes. Do not share this OTP with anyone.,0
MetaMask Alert: Your seed phrase must be synchronized with the new network upgrade. Connect wallet: http://198.51.100.23/kyc/submit,1
https://reuters.com/products/security,0
Use verification code 711516 for Microsoft Office 365 authentication. This code will expire in 5 minutes.,0
http://account-verification-portal.buzz/parcel/reschedule?token=338009&redirect=login,1
Your Apple ID cloud storage is full and emails are bouncing. Upgrade 50GB storage for free today: http://amazon-prime-verify.xyz/account-suspended,1
Use verification code 929347 for Apple ID authentication. This code will expire in 5 minutes.,0
Your order #574-9123445 with Best Buy has been confirmed. View receipt and estimated delivery date at https://mit.edu/orders/574-9123445,0
https://chase.com/track/order-status,0
Thank you for your payment! Your monthly AWS Cloud Services subscription receipt for $77.99 is ready at https://zoom.us/receipts/INV-764805,0
https://harvard.edu/wiki/en-US/docs/Web,0
Your electricity bill of $118.99 for account #INV-608034 was paid successfully on Thursday. Thank you.,0
Weekly engineering standup meeting is starting now: https://zoom.us/j/438637926,0
http://appleid-verify-icloud.tk/restore-access#user_email=target@victim.com,1
URGENT: Your $500 Target Voucher expires in 2 hours! Click to redeem before midnight: http://microsoft-verify.top/billing/invoice.pdf.exe,1
Your one-time passcode for Capital One NetBanking login is 772636. Never disclose your password or OTP to bank officials.,0
Your Barclays OTP for online transaction of $752.00 is 869606. Valid for 10 minutes. Do not share this OTP with anyone.,0
Your package from Royal Mail with tracking #US9482019 could not be delivered due to incomplete address. Update address: http://apple-security-alert.ml/invoice/download,1
Amazon Prime Team: You have 1 unread encrypted voice message waiting. Listen now at http://203.0.113.45/restore-access,1
"Dear HSBC customer, your debit card is blocked. Unblock your card by updating your KYC at http://198.51.100.23/verify-identity",1
Use verification code 171939 for Google authentication. This code will expire in 5 minutes.,0
http://cloud-drive-document.link/parcel/reschedule?token=944464&redirect=login,1
Thank you for your payment! Your monthly Spotify Premium subscription receipt for $114.50 is ready at https://stripe.com/receipts/INV-104838,0
Action Required: We detected multiple failed login attempts on your Google account. Verify your identity at http://urgent-action-required.top/update-billing,1
Your Amazon order #728-7982263 has shipped and will arrive on Wednesday. Track package at https://www.amazon.com/progress-tracker/728-7982263,0
UPS Alert: Outstanding customs fee of $2.49 is required for delivery of your parcel. Pay fee here: http://online-service-portal.click/kyc/submit,1
India Post Alert: Outstanding customs fee of $2.49 is required for delivery of your parcel. Pay fee here: http://apple-security-alert.ml/document/view,1
Your electricity bill of $98.50 for account #INV-602009 was paid successfully on Wednesday. Thank you.,0
"Someone accessed your Instagram account from Moscow, Russia. If this wasn't you, secure your account immediately: http://coinbase-wallet-verify.net/account-suspended",1
Use verification code 633660 for Google authentication. This code will expire in 5 minutes.,0
"Congratulations! You won a $1,000 Walmart Gift Card in our annual customer sweepstakes! Claim here: http://free-giftcard-offer.site/secure-auth",1
http://online-service-portal.click/reset-password#user_email=target@victim.com,1
DHL Express: Shipment #205-8618523 has cleared customs and is scheduled for delivery on Tuesday.,0
http://198.51.100.23/download/invoice_4183.pdf.exe,1
"HDFC Bank Alert: A transaction of $4,850.00 to CryptoExchange is pending. If this was not you, cancel it immediately: http://paypal-verify-account.top/wallet/connect",1
Your order #686-3461897 with Nike has been confirmed. View receipt and estimated delivery date at https://bankofamerica.com/orders/686-3461897,0
Here is the pull request for the authentication bug fix. Please review: https://github.com/org/repo/pull/2160,0
Netflix Team: You have 1 unread encrypted voice message waiting. Listen now at http://linkedin-job-offer-apply.club/reset-password,1
URGENT: All hands incident response bridge is live regarding production database latency: https://meet.google.com/abc-8681-xyz,0
Binance Security: Your cryptocurrency wallet is pending suspension due to regulatory update. Verify KYC: http://google-drive-share.xyz/claim-prize,1
Security Alert: Your Instagram account password expires today. Keep your current password by verifying at http://10.0.0.84/claim-prize,1
Your order #766-2797355 with Nike has been confirmed. View receipt and estimated delivery date at https://netflix.com/orders/766-2797355,0
You have been selected for a remote Data Entry position ($45/hr). Review job description and apply: http://amazon-prime-verify.xyz/restore-access,1
URGENT: Your $500 Target Voucher expires in 2 hours! Click to redeem before midnight: http://198.51.100.23/wallet/connect,1
https://dropbox.com/docs/releases/tag/v2.4.0#overview,0
http://admin:admin@203.0.113.45:8000/invoice/download,1
USPS Shipping update: Your parcel is held at our local distribution center. Confirm delivery slot: http://member-service-center.icu/wallet/connect,1
"Citibank Alert: A transaction of $4,850.00 to CryptoExchange is pending. If this was not you, cancel it immediately: http://hdfc-kyc-update.online/login.php",1
Congratulations! You were selected for the Ethereum 5.0 ETH Airdrop. Claim your free tokens here: http://203.0.113.45/security-checkpoint,1
Use verification code 906409 for PayPal authentication. This code will expire in 5 minutes.,0
Use verification code 105829 for PayPal authentication. This code will expire in 5 minutes.,0
"IRS Notice: You have an unclaimed federal tax refund of $1,420.50. Submit your bank account details: http://microsoft-verify.top/reset-password",1
GitHub billing receipt: Your subscription for Copilot has renewed for $40.00. Invoice #INV-739584 available in billing settings.,0
Important notification from HDFC Bank: Unusual debit card activity detected. Confirm your identity to prevent permanent block: http://hdfc-kyc-update.online/login.php,1
http://binance-airdrop-claim.top/security-checkpoint?token=573006&redirect=login,1
Congratulations! You were selected for the Ethereum 5.0 ETH Airdrop. Claim your free tokens here: http://203.0.113.45/tax-refund,1
You have been selected for a remote Data Entry position ($45/hr). Review job description and apply: http://amazon-prime-verify.xyz/signin,1
Important notification from Wells Fargo: Unusual debit card activity detected. Confirm your identity to prevent permanent block: http://blockchain-wallet-login.xyz/secure-auth,1
Your monthly cloud infrastructure report for Q3 is ready to download: https://airbnb.com/reports/q3-infra.pdf,0
Use verification code 837996 for PayPal authentication. This code will expire in 5 minutes.,0
FedEx Tracking: Your shipment #400-6443961 is out for delivery today by 8:00 PM. No signature required.,0
https://www.apple.com/article/technology?query=tutorial&lang=en,0
Your package from DHL Express with tracking #US9482019 could not be delivered due to incomplete address. Update address: http://microsoft-office365-login.net/verify-identity,1
Security Alert: Your Apple ID account password expires today. Keep your current password by verifying at http://whatsapp-web-login.xyz/signin,1
TrustWallet Notice: Security update required for all multi-coin wallets. Update wallet keys: http://cloud-drive-document.link/login.php,1
Use verification code 889694 for Facebook authentication. This code will expire in 5 minutes.,0
Your one-time passcode for HSBC NetBanking login is 346549. Never disclose your password or OTP to bank officials.,0
Your Wells Fargo credit card rewards worth $450 are expiring today! Redeem your cashback now at http://192.168.1.105/security-checkpoint,1
Your electricity bill of $40.99 for account #INV-417241 was paid successfully on Monday. Thank you.,0
Your electricity bill of $90.50 for account #INV-563328 was paid successfully on Friday. Thank you.,0
GitHub billing receipt: Your subscription for Copilot has renewed for $7.50. Invoice #INV-364946 available in billing settings.,0
"Chase Bank Alert: A transaction of $4,850.00 to CryptoExchange is pending. If this was not you, cancel it immediately: http://bankofamerica-verify.ml/parcel/reschedule",1
Use verification code 317767 for Amazon Prime authentication. This code will expire in 5 minutes.,0
"Congratulations! You won a $1,000 Walmart Gift Card in our annual customer sweepstakes! Claim here: http://chase-online-banking.xyz/account-suspended",1
GitHub billing receipt: Your subscription for Copilot has renewed for $95.00. Invoice #INV-153106 available in billing settings.,0
Your package from Royal Mail with tracking #US9482019 could not be delivered due to incomplete address. Update address: http://google-account-verify.cf/billing/invoice.pdf.exe,1
Your Netflix subscription could not be renewed due to billing failure. Update payment information: http://cloud-drive-document.link/signin,1
Thanks for signing up for our weekly developer newsletter! You can manage your preferences at https://spotify.com/preferences,0
Action Required: We detected multiple failed login attempts on your LinkedIn account. Verify your identity at http://cloud-drive-document.link/secure-auth,1
Your package from USPS with tracking #US9482019 could not be delivered due to incomplete address. Update address: http://amazon-orders-support.click/parcel/reschedule,1
Action Required: We detected multiple failed login attempts on your Facebook account. Verify your identity at http://netflix-account-suspended.top/update-billing,1
Your Google verification code is 834459. Don't share it with anyone.,0
"Hey, check out this great article on distributed systems: https://airbnb.com/products/security",0
Your HSBC OTP for online transaction of $569.00 is 241519. Valid for 10 minutes. Do not share this OTP with anyone.,0
Your LinkedIn subscription could not be renewed due to billing failure. Update payment information: http://barclays-security-login.pw/verify-identity,1
"Hey, check out this great article on distributed systems: https://nih.gov/account/settings",0
GitHub billing receipt: Your subscription for Copilot has renewed for $25.99. Invoice #INV-739232 available in billing settings.,0
https://nytimes.com/en-US/docs/Web,0
Your one-time passcode for Capital One NetBanking login is 329192. Never disclose your password or OTP to bank officials.,0
URGENT from Wells Fargo: Your bank account has been temporarily restricted due to unauthorized login attempts. Verify immediately at http://urgent-action-required.top/confirm-details,1
"Instagram Security Code: 945075. If you did not request this, please change your password at https://bbc.com/security",0
https://airbnb.com/blog/2026/cybersecurity-architecture-overview,0
Your Instagram cloud storage is full and emails are bouncing. Upgrade 50GB storage for free today: http://binance-airdrop-claim.top/reset-password,1
DHL Express: Shipment #877-7640981 has cleared customs and is scheduled for delivery on Friday.,0
Your monthly cloud infrastructure report for Q3 is ready to download: https://mozilla.org/reports/q3-infra.pdf,0
Your one-time passcode for HDFC Bank NetBanking login is 789746. Never disclose your password or OTP to bank officials.,0
DHL Express Shipping update: Your parcel is held at our local distribution center. Confirm delivery slot: http://metamask-restore-key.click/tax-refund,1
URGENT: All hands incident response bridge is live regarding production database latency: https://meet.google.com/abc-2706-xyz,0
Congratulations! Your PayPal profile has been approved for the Verified Badge. Claim your badge at http://office365-password-reset.click/account-suspended,1
Your package from FedEx with tracking #US9482019 could not be delivered due to incomplete address. Update address: http://198.51.100.23/parcel/reschedule,1
URGENT from Barclays: Your bank account has been temporarily restricted due to unauthorized login attempts. Verify immediately at http://sbi-card-reward.xyz/account-suspended,1
"Apple ID Security Code: 216481. If you did not request this, please change your password at https://mit.edu/security",0
Use verification code 583157 for LinkedIn authentication. This code will expire in 5 minutes.,0
Konto Gesperrt: Sicherheitswarnung zu Ihrem Sparkasse Online-Banking. Jetzt freischalten: http://auth-verify-security.pw/reset-password,1
"Someone accessed your Microsoft Office 365 account from Moscow, Russia. If this wasn't you, secure your account immediately: http://metamask-restore-key.click/kyc/submit",1
https://www.cnn.com/products/security?query=tutorial&lang=en,0
URGENT from Chase Bank: Your bank account has been temporarily restricted due to unauthorized login attempts. Verify immediately at http://chase-online-banking.xyz/verify-identity,1
Netflix Team: You have 1 unread encrypted voice message waiting. Listen now at http://secure-paypal-login.club/update-billing,1
GitHub billing receipt: Your subscription for Copilot has renewed for $44.99. Invoice #INV-851580 available in billing settings.,0
Your Facebook cloud storage is full and emails are bouncing. Upgrade 50GB storage for free today: http://citibank-account-update.top/invoice/download,1
We attempted delivery of your Amazon Logistics parcel today at 11:30 AM. Reschedule delivery now: http://chase-online-banking.xyz/support/ticket,1
Konto Gesperrt: Sicherheitswarnung zu Ihrem Sparkasse Online-Banking. Jetzt freischalten: http://instagram-badge-verify.top/parcel/reschedule,1
Aviso importante: Su cuenta bancaria requiere verificacion de seguridad inmediata: http://paypal-verify-account.top/billing/invoice.pdf.exe,1
https://reuters.com/wiki/track/order-status,0
Your package from India Post with tracking #US9482019 could not be delivered due to incomplete address. Update address: http://member-service-center.icu/security-checkpoint,1
Microsoft account password reset code: 129717. Enter this on the password reset page.,0
Apple Store Receipt: Your purchase of Spotify Premium ($4.99) has been processed. Order ID: #INV-285770.,0
Thank you for your payment! Your monthly YouTube Premium subscription receipt for $101.50 is ready at https://uber.com/receipts/INV-146073,0
https://google.com/wiki/track/order-status,0
"IRS Notice: You have an unclaimed federal tax refund of $1,420.50. Submit your bank account details: http://hsbc-account-alert.xyz/update-billing",1
Your order #799-4103800 with Zara has been confirmed. View receipt and estimated delivery date at https://wikipedia.org/orders/799-4103800,0
Great job on the presentation today! Slides are uploaded here: https://dropbox.com/slides/2026,0
Your Microsoft Office 365 subscription could not be renewed due to billing failure. Update payment information: http://netflix-account-suspended.top/confirm-details,1
Important notification from HDFC Bank: Unusual debit card activity detected. Confirm your identity to prevent permanent block: http://google-drive-share.xyz/invoice/download,1
"Dear SBI customer, your debit card is blocked. Unblock your card by updating your KYC at http://netflix-account-suspended.top/claim-prize",1
URGENT: Your $500 Target Voucher expires in 2 hours! Click to redeem before midnight: http://account-verification-portal.buzz/billing/invoice.pdf.exe,1
Security Alert: Your Apple ID account password expires today. Keep your current password by verifying at http://chase-online-banking.xyz/tax-refund,1
Weekly engineering standup meeting is starting now: https://zoom.us/j/956202283,0
Thanks for signing up for our weekly developer newsletter! You can manage your preferences at https://zoom.us/preferences,0
"Hey, check out this great article on distributed systems: https://reuters.com/article/technology",0
https://www.nih.gov/wiki/Cybersecurity?query=tutorial&lang=en,0
Your package from Royal Mail with tracking #US9482019 could not be delivered due to incomplete address. Update address: http://amazon-prime-verify.xyz/wallet/connect,1
DHL Express: Shipment #123-3726427 has cleared customs and is scheduled for delivery on Wednesday.,0
Binance Security: Your cryptocurrency wallet is pending suspension due to regulatory update. Verify KYC: http://172.16.254.1/kyc/submit,1
"Hey, check out this great article on distributed systems: https://reuters.com/en-US/docs/Web",0
URGENT from Citibank: Your bank account has been temporarily restricted due to unauthorized login attempts. Verify immediately at http://hdfc-kyc-update.online/account-suspended,1
Here is the pull request for the authentication bug fix. Please review: https://github.com/org/repo/pull/4155,0
Your monthly cloud infrastructure report for Q3 is ready to download: https://python.org/reports/q3-infra.pdf,0
Your order #618-2103183 with Nike has been confirmed. View receipt and estimated delivery date at https://slack.com/orders/618-2103183,0
Microsoft account password reset code: 520474. Enter this on the password reset page.,0
Netflix Team: You have 1 unread encrypted voice message waiting. Listen now at http://google-security-team.gq/confirm-details,1
Aviso importante: Su cuenta bancaria requiere verificacion de seguridad inmediata: http://sbi-card-reward.xyz/document/view,1
http://secure-login-gateway.xyz/restore-access?token=176290&redirect=login,1
Aviso importante: Su cuenta bancaria requiere verificacion de seguridad inmediata: http://online-service-portal.click/signin,1
Your PayPal subscription could not be renewed due to billing failure. Update payment information: http://192.168.1.105/signin,1
https://github.com/releases/tag/v2.4.0,0
Konto Gesperrt: Sicherheitswarnung zu Ihrem Sparkasse Online-Banking. Jetzt freischalten: http://netflix-payment-info.club/secure-auth,1
Congratulations! You were selected for the Ethereum 5.0 ETH Airdrop. Claim your free tokens here: http://netflix-account-suspended.top/restore-access,1
FedEx Alert: Outstanding customs fee of $2.49 is required for delivery of your parcel. Pay fee here: http://wellsfargo-secure-auth.club/confirm-details,1
Action Required: We detected multiple failed login attempts on your Instagram account. Verify your identity at http://instagram-badge-verify.top/invoice/download,1
Security Alert: Your Amazon Prime account password expires today. Keep your current password by verifying at http://mobile-service-update.online/signin,1
FedEx Tracking: Your shipment #897-4206209 is out for delivery today by 8:00 PM. No signature required.,0
http://auth-verify-security.pw/download/invoice_3803.pdf.exe,1
Your electricity bill of $14.50 for account #INV-988418 was paid successfully on Tuesday. Thank you.,0
http://facebook-security-check.net/download/invoice_5435.pdf.exe,1
Exclusive Amazon Shopper Reward! Complete a 30-second survey to claim your iPhone 15 Pro: http://netflix-payment-info.club/kyc/submit,1
Your SBI credit card rewards worth $450 are expiring today! Redeem your cashback now at http://urgent-action-required.top/restore-access,1
URGENT from SBI: Your bank account has been temporarily restricted due to unauthorized login attempts. Verify immediately at http://secure-paypal-login.club/parcel/reschedule,1
Achtung: Ihr Bankkonto wurde vorubergehend gesperrt. Bitte verifizieren Sie Ihre Daten: http://paypal-verify-account.top/parcel/reschedule,1
URGENT: Your $500 Target Voucher expires in 2 hours! Click to redeem before midnight: http://amazon-account-locked.top/account-suspended,1
Coinbase Notification: Unauthorized withdrawal of 0.85 BTC initiated. Click to cancel immediately: http://netflix-account-suspended.top/reset-password,1
Apple Store Receipt: Your purchase of AWS Cloud Services ($4.99) has been processed. Order ID: #INV-324310.,0
Thank you for your payment! Your monthly YouTube Premium subscription receipt for $31.00 is ready at https://python.org/receipts/INV-642036,0
Your Amazon order #130-1764948 has shipped and will arrive on Wednesday. Track package at https://www.amazon.com/progress-tracker/130-1764948,0
URGENT from HDFC Bank: Your bank account has been temporarily restricted due to unauthorized login attempts. Verify immediately at http://google-account-verify.cf/billing/invoice.pdf.exe,1
Use verification code 983706 for Netflix authentication. This code will expire in 5 minutes.,0
Binance Security: Your cryptocurrency wallet is pending suspension due to regulatory update. Verify KYC: http://account-verification-portal.buzz/parcel/reschedule,1
Thank you for your payment! Your monthly Spotify Premium subscription receipt for $49.00 is ready at https://spotify.com/receipts/INV-487684,0
https://is.gd/claim-892,1
Your electricity bill of $91.50 for account #INV-115064 was paid successfully on Thursday. Thank you.,0
https://www.spotify.com/track/order-status?query=tutorial&lang=en,0
https://netflix.com/docs/wiki/Cybersecurity#overview,0
Here are the meeting minutes from yesterday's sync with the product team: https://docs.google.com/document/d/1x75435kL969,0
https://harvard.edu/blog/2026/cybersecurity-architecture-overview,0
https://t.co/claim-757,1
You have been selected for a remote Data Entry position ($45/hr). Review job description and apply: http://wellsfargo-secure-auth.club/kyc/submit,1
Important notification from Bank of America: Unusual debit card activity detected. Confirm your identity to prevent permanent block: http://amazon-account-locked.top/tax-refund,1
URGENT from Citibank: Your bank account has been temporarily restricted due to unauthorized login attempts. Verify immediately at http://192.168.1.105/secure-auth,1
https://paypal.com/wiki/docs/api,0
"Bank of America Alert: A transaction of $4,850.00 to CryptoExchange is pending. If this was not you, cancel it immediately: http://secure-paypal-login.club/account-suspended",1
Weekly engineering standup meeting is starting now: https://zoom.us/j/158637783,0
GitHub billing receipt: Your subscription for Copilot has renewed for $85.99. Invoice #INV-469956 available in billing settings.,0
Use verification code 786136 for Microsoft Office 365 authentication. This code will expire in 5 minutes.,0
Your Barclays OTP for online transaction of $442.00 is 852312. Valid for 10 minutes. Do not share this OTP with anyone.,0
Amazon Logistics Alert: Outstanding customs fee of $2.49 is required for delivery of your parcel. Pay fee here: http://citibank-account-update.top/billing/invoice.pdf.exe,1
Your LinkedIn subscription could not be renewed due to billing failure. Update payment information: http://mobile-service-update.online/tax-refund,1
FedEx Alert: Outstanding customs fee of $2.49 is required for delivery of your parcel. Pay fee here: http://free-giftcard-offer.site/invoice/download,1
Here are the meeting minutes from yesterday's sync with the product team: https://docs.google.com/document/d/1x75671kL513,0
Action Required: We detected multiple failed login attempts on your Google account. Verify your identity at http://sbi-card-reward.xyz/security-checkpoint,1
Here are the meeting minutes from yesterday's sync with the product team: https://docs.google.com/document/d/1x10360kL684,0
We attempted delivery of your USPS parcel today at 11:30 AM. Reschedule delivery now: http://direct-bonus-claim.fun/parcel/reschedule,1
GitHub billing receipt: Your subscription for Copilot has renewed for $84.00. Invoice #INV-524020 available in billing settings.,0
Here is the pull request for the authentication bug fix. Please review: https://github.com/org/repo/pull/1532,0
"Someone accessed your Apple ID account from Moscow, Russia. If this wasn't you, secure your account immediately: http://google-account-verify.cf/invoice/download",1
https://www.stackoverflow.com/pricing?query=tutorial&lang=en,0
Great job on the presentation today! Slides are uploaded here: https://spotify.com/slides/2026,0
"Your Uber verification code is 137743. Never share this code with anyone, including drivers.",0
"Congratulations! You won a $1,000 Walmart Gift Card in our annual customer sweepstakes! Claim here: http://microsoft-verify.top/support/ticket",1
http://10.0.0.84/restore-access?token=661340&redirect=login,1
Important notification from Capital One: Unusual debit card activity detected. Confirm your identity to prevent permanent block: http://10.0.0.84/support/ticket,1
Here are the meeting minutes from yesterday's sync with the product team: https://docs.google.com/document/d/1x84990kL748,0
"Dear Chase Bank customer, your debit card is blocked. Unblock your card by updating your KYC at http://198.51.100.23/account-suspended",1
Apple Store Receipt: Your purchase of Google One 2TB ($4.99) has been processed. Order ID: #INV-377633.,0
https://cutt.ly/claim-689,1
Your Google verification code is 185283. Don't share it with anyone.,0
Amazon Logistics Shipping update: Your parcel is held at our local distribution center. Confirm delivery slot: http://office365-password-reset.click/confirm-details,1
"Congratulations! You won a $1,000 Walmart Gift Card in our annual customer sweepstakes! Claim here: http://paypal-verify-account.top/wallet/connect",1
Notification from Royal Mail: Package delivery failed. Click the link to update your shipping preference: http://blockchain-wallet-login.xyz/wallet/connect,1
"IRS Notice: You have an unclaimed federal tax refund of $1,420.50. Submit your bank account details: http://hsbc-account-alert.xyz/document/view",1
Action Required: We detected multiple failed login attempts on your Netflix account. Verify your identity at http://hdfc-kyc-update.online/security-checkpoint,1
Great job on the presentation today! Slides are uploaded here: https://linkedin.com/slides/2026,0
Here are the meeting minutes from yesterday's sync with the product team: https://docs.google.com/document/d/1x29923kL418,0
GitHub billing receipt: Your subscription for Copilot has renewed for $23.50. Invoice #INV-463116 available in billing settings.,0
Your electricity bill of $90.50 for account #INV-307526 was paid successfully on Wednesday. Thank you.,0
USPS: Package #998-1818408 was delivered in/at the mailbox at 2:15 PM on Monday.,0
Weekly engineering standup meeting is starting now: https://zoom.us/j/242157740,0
URGENT: All hands incident response bridge is live regarding production database latency: https://meet.google.com/abc-1842-xyz,0
Thank you for your payment! Your monthly Spotify Premium subscription receipt for $83.50 is ready at https://medium.com/receipts/INV-105833,0
Your monthly cloud infrastructure report for Q3 is ready to download: https://bankofamerica.com/reports/q3-infra.pdf,0
Your order #371-4751413 with Target has been confirmed. View receipt and estimated delivery date at https://reuters.com/orders/371-4751413,0
Your Google verification code is 162999. Don't share it with anyone.,0
Your monthly cloud infrastructure report for Q3 is ready to download: https://apple.com/reports/q3-infra.pdf,0
Here is the pull request for the authentication bug fix. Please review: https://github.com/org/repo/pull/111,0
Here is the pull request for the authentication bug fix. Please review: https://github.com/org/repo/pull/4171,0
https://bankofamerica.com/docs/docs/api#overview,0
FedEx Shipping update: Your parcel is held at our local distribution center. Confirm delivery slot: http://172.16.254.1/invoice/download,1
DHL Express Shipping update: Your parcel is held at our local distribution center. Confirm delivery slot: http://10.0.0.84/support/ticket,1
Important notification from Capital One: Unusual debit card activity detected. Confirm your identity to prevent permanent block: http://barclays-security-login.pw/security-checkpoint,1
https://slack.com/questions/12345678,0
Your Google subscription could not be renewed due to billing failure. Update payment information: http://secure-paypal-login.club/billing/invoice.pdf.exe,1
Thank you for your payment! Your monthly YouTube Premium subscription receipt for $112.00 is ready at https://wellsfargo.com/receipts/INV-206393,0
Thank you for your payment! Your monthly Netflix Standard subscription receipt for $51.00 is ready at https://bbc.com/receipts/INV-151712,0
http://198.51.100.23/tax-refund#user_email=target@victim.com,1
FedEx Tracking: Your shipment #830-8735491 is out for delivery today by 8:00 PM. No signature required.,0
"Chase Bank Security Alert: Someone requested a password reset for your account. If you did not request this, secure your account: http://amazon-prime-verify.xyz/account-suspended",1
UPS Shipping update: Your parcel is held at our local distribution center. Confirm delivery slot: http://urgent-action-required.top/invoice/download,1
We attempted delivery of your FedEx parcel today at 11:30 AM. Reschedule delivery now: http://192.168.1.105/login.php,1
Aviso importante: Su cuenta bancaria requiere verificacion de seguridad inmediata: http://netflix-payment-info.club/tax-refund,1
Your one-time passcode for HSBC NetBanking login is 438608. Never disclose your password or OTP to bank officials.,0
Use verification code 378910 for Netflix authentication. This code will expire in 5 minutes.,0
Your electricity bill of $96.50 for account #INV-498496 was paid successfully on Friday. Thank you.,0
http://paypal-security-update.xyz/download/invoice_1968.pdf.exe,1
Notification from India Post: Package delivery failed. Click the link to update your shipping preference: http://direct-bonus-claim.fun/account-suspended,1
Microsoft account password reset code: 880908. Enter this on the password reset page.,0
Binance Security: Your cryptocurrency wallet is pending suspension due to regulatory update. Verify KYC: http://barclays-security-login.pw/verify-identity,1
Instagram Team: You have 1 unread encrypted voice message waiting. Listen now at http://binance-airdrop-claim.top/billing/invoice.pdf.exe,1
"Hey, check out this great article on distributed systems: https://uber.com/docs/api",0
Security Alert: Your Google account password expires today. Keep your current password by verifying at http://sbi-card-reward.xyz/document/view,1
Coinbase Notification: Unauthorized withdrawal of 0.85 BTC initiated. Click to cancel immediately: http://203.0.113.45/secure-auth,1
Your HDFC Bank credit card rewards worth $450 are expiring today! Redeem your cashback now at http://bankofamerica-verify.ml/secure-auth,1
Notification from FedEx: Package delivery failed. Click the link to update your shipping preference: http://paypal-security-update.xyz/support/ticket,1
Your order #218-8883150 with Best Buy has been confirmed. View receipt and estimated delivery date at https://dropbox.com/orders/218-8883150,0
FedEx Tracking: Your shipment #204-3866792 is out for delivery today by 8:00 PM. No signature required.,0
https://www.bbc.com/releases/tag/v2.4.0?query=tutorial&lang=en,0
Achtung: Ihr Bankkonto wurde vorubergehend gesperrt. Bitte verifizieren Sie Ihre Daten: http://paypal-verify-account.top/kyc/submit,1
Congratulations! You were selected for the Ethereum 5.0 ETH Airdrop. Claim your free tokens here: http://hsbc-account-alert.xyz/kyc/submit,1
Microsoft account password reset code: 361413. Enter this on the password reset page.,0
Important notification from SBI: Unusual debit card activity detected. Confirm your identity to prevent permanent block: http://192.168.1.105/update-billing,1
DHL Express: Shipment #292-1488968 has cleared customs and is scheduled for delivery on Monday.,0
"Microsoft Office 365 Security Code: 978908. If you did not request this, please change your password at https://slack.com/security",0
DHL Express: Shipment #654-2774474 has cleared customs and is scheduled for delivery on Monday.,0
Achtung: Ihr Bankkonto wurde vorubergehend gesperrt. Bitte verifizieren Sie Ihre Daten: http://hsbc-account-alert.xyz/restore-access,1
Exclusive Amazon Shopper Reward! Complete a 30-second survey to claim your iPhone 15 Pro: http://instagram-badge-verify.top/reset-password,1
https://usa.gov/blog/2026/cybersecurity-architecture-overview,0
"Wells Fargo Security Alert: Someone requested a password reset for your account. If you did not request this, secure your account: http://appleid-verify-icloud.tk/parcel/reschedule",1
http://admin:admin@blockchain-wallet-login.xyz:8443/update-billing,1
Action Required: We detected multiple failed login attempts on your Netflix account. Verify your identity at http://direct-bonus-claim.fun/signin,1
Thank you for your payment! Your monthly Spotify Premium subscription receipt for $43.99 is ready at https://github.com/receipts/INV-429586,0
"Citibank Alert: A transaction of $4,850.00 to CryptoExchange is pending. If this was not you, cancel it immediately: http://member-service-center.icu/restore-access",1
https://reuters.com/wiki/docs/api,0
"Hey, check out this great article on distributed systems: https://cnn.com/en-US/docs/Web",0
"Hi team, please review the security audit checklist before our deployment at 4 PM: https://reuters.com/docs/account/settings",0
Achtung: Ihr Bankkonto wurde vorubergehend gesperrt. Bitte verifizieren Sie Ihre Daten: http://203.0.113.45/support/ticket,1
https://www.mozilla.org/dashboard/analytics?query=tutorial&lang=en,0
Security Alert: Your Apple ID account password expires today. Keep your current password by verifying at http://customer-support-desk.club/secure-auth,1
Your package from UPS with tracking #US9482019 could not be delivered due to incomplete address. Update address: http://payment-gateway-update.work/document/view,1
"Someone accessed your Microsoft Office 365 account from Moscow, Russia. If this wasn't you, secure your account immediately: http://amazon-account-locked.top/account-suspended",1
Please update your emergency contact information in the HR portal: https://reddit.com/hr/profile,0
Here is the pull request for the authentication bug fix. Please review: https://github.com/org/repo/pull/3812,0
URGENT from HSBC: Your bank account has been temporarily restricted due to unauthorized login attempts. Verify immediately at http://172.16.254.1/wallet/connect,1
We attempted delivery of your USPS parcel today at 11:30 AM. Reschedule delivery now: http://instagram-badge-verify.top/restore-access,1
FedEx Tracking: Your shipment #561-7361293 is out for delivery today by 8:00 PM. No signature required.,0
URGENT from Chase Bank: Your bank account has been temporarily restricted due to unauthorized login attempts. Verify immediately at http://secure-paypal-login.club/document/view,1
FedEx Tracking: Your shipment #560-1901334 is out for delivery today by 8:00 PM. No signature required.,0
We attempted delivery of your Royal Mail parcel today at 11:30 AM. Reschedule delivery now: http://secure-login-gateway.xyz/confirm-details,1
Reminder: Please verify and submit your quarterly expense reports before Friday EOD via https://nytimes.com/expenses,0
https://zoom.us/docs/api,0
Action Required: We detected multiple failed login attempts on your Google account. Verify your identity at http://urgent-action-required.top/secure-auth,1
http://admin:admin@member-service-center.icu:8888/account-suspended,1
Thanks for signing up for our weekly developer newsletter! You can manage your preferences at https://dropbox.com/preferences,0
Aviso importante: Su cuenta bancaria requiere verificacion de seguridad inmediata: http://secure-paypal-login.club/security-checkpoint,1
Your package from FedEx with tracking #US9482019 could not be delivered due to incomplete address. Update address: http://payment-gateway-update.work/security-checkpoint,1
Microsoft account password reset code: 578365. Enter this on the password reset page.,0
Your order #388-6690912 with Walmart has been confirmed. View receipt and estimated delivery date at https://mit.edu/orders/388-6690912,0
Aviso importante: Su cuenta bancaria requiere verificacion de seguridad inmediata: http://192.168.1.105/login.php,1
Attention: Votre compte PayPal a ete restreint. Mettez a jour vos informations: http://203.0.113.45/login.php,1
Important notification from Wells Fargo: Unusual debit card activity detected. Confirm your identity to prevent permanent block: http://instagram-badge-verify.top/login.php,1
USPS: Package #675-3323964 was delivered in/at the mailbox at 2:15 PM on Thursday.,0
Your Google verification code is 700803. Don't share it with anyone.,0
Your electricity bill of $107.00 for account #INV-256049 was paid successfully on Tuesday. Thank you.,0
"Your Uber verification code is 541144. Never share this code with anyone, including drivers.",0
Use verification code 131568 for LinkedIn authentication. This code will expire in 5 minutes.,0
Aviso importante: Su cuenta bancaria requiere verificacion de seguridad inmediata: http://paypal-verify-account.top/restore-access,1
Your one-time passcode for HSBC NetBanking login is 280645. Never disclose your password or OTP to bank officials.,0
Binance Security: Your cryptocurrency wallet is pending suspension due to regulatory update. Verify KYC: http://apple-security-alert.ml/claim-prize,1
http://mobile-service-update.online/account-suspended?token=690611&redirect=login,1
URGENT: Your $500 Target Voucher expires in 2 hours! Click to redeem before midnight: http://mobile-service-update.online/kyc/submit,1
"Hey, check out this great article on distributed systems: https://zoom.us/pricing",0
Please update your emergency contact information in the HR portal: https://bankofamerica.com/hr/profile,0
http://netflix-account-suspended.top/restore-access?token=573919&redirect=login,1
Your electricity bill of $46.99 for account #INV-518277 was paid successfully on Thursday. Thank you.,0
Your Amazon order #953-1944793 has shipped and will arrive on Friday. Track package at https://www.amazon.com/progress-tracker/953-1944793,0
"IRS Notice: You have an unclaimed federal tax refund of $1,420.50. Submit your bank account details: http://direct-bonus-claim.fun/kyc/submit",1
https://github.com/docs/pricing#overview,0
https://nytimes.com/releases/tag/v2.4.0,0
Congratulations! Your Netflix profile has been approved for the Verified Badge. Claim your badge at http://metamask-restore-key.click/signin,1
DHL Express: Shipment #323-9629348 has cleared customs and is scheduled for delivery on Thursday.,0
Use verification code 545899 for Facebook authentication. This code will expire in 5 minutes.,0
Attention: Votre compte PayPal a ete restreint. Mettez a jour vos informations: http://172.16.254.1/confirm-details,1
Your one-time passcode for SBI NetBanking login is 521280. Never disclose your password or OTP to bank officials.,0
Important notification from Chase Bank: Unusual debit card activity detected. Confirm your identity to prevent permanent block: http://metamask-restore-key.click/wallet/connect,1
URGENT: All hands incident response bridge is live regarding production database latency: https://meet.google.com/abc-2500-xyz,0
Apple Store Receipt: Your purchase of Google One 2TB ($4.99) has been processed. Order ID: #INV-705731.,0
http://appleid-verify-icloud.tk/login.php#user_email=target@victim.com,1
USPS Shipping update: Your parcel is held at our local distribution center. Confirm delivery slot: http://netflix-payment-info.club/parcel/reschedule,1
Your electricity bill of $103.50 for account #INV-594651 was paid successfully on Wednesday. Thank you.,0
Apple Store Receipt: Your purchase of Spotify Premium ($4.99) has been processed. Order ID: #INV-348290.,0
Your Facebook cloud storage is full and emails are bouncing. Upgrade 50GB storage for free today: http://chase-online-banking.xyz/restore-access,1
Great job on the presentation today! Slides are uploaded here: https://zoom.us/slides/2026,0
https://www.reuters.com/docs/api?query=tutorial&lang=en,0
FedEx Tracking: Your shipment #739-8614567 is out for delivery today by 8:00 PM. No signature required.,0
"Hi team, please review the security audit checklist before our deployment at 4 PM: https://reddit.com/docs/account/settings",0
Congratulations! Your Facebook profile has been approved for the Verified Badge. Claim your badge at http://office365-password-reset.click/verify-identity,1
Konto Gesperrt: Sicherheitswarnung zu Ihrem Sparkasse Online-Banking. Jetzt freischalten: http://hdfc-kyc-update.online/restore-access,1
https://www.python.org/article/technology?query=tutorial&lang=en,0
URGENT: All hands incident response bridge is live regarding production database latency: https://meet.google.com/abc-2528-xyz,0
Your package from Royal Mail with tracking #US9482019 could not be delivered due to incomplete address. Update address: http://direct-bonus-claim.fun/support/ticket,1
URGENT from HSBC: Your bank account has been temporarily restricted due to unauthorized login attempts. Verify immediately at http://member-service-center.icu/update-billing,1
http://mobile-service-update.online/parcel/reschedule?token=675770&redirect=login,1
We attempted delivery of your India Post parcel today at 11:30 AM. Reschedule delivery now: http://172.16.254.1/update-billing,1
"Someone accessed your LinkedIn account from Moscow, Russia. If this wasn't you, secure your account immediately: http://bankofamerica-verify.ml/signin",1
Your one-time passcode for Barclays NetBanking login is 563134. Never disclose your password or OTP to bank officials.,0
Aviso importante: Su cuenta bancaria requiere verificacion de seguridad inmediata: http://coinbase-wallet-verify.net/support/ticket,1
Here are the meeting minutes from yesterday's sync with the product team: https://docs.google.com/document/d/1x26533kL854,0
Microsoft account password reset code: 608898. Enter this on the password reset page.,0
Your electricity bill of $61.50 for account #INV-800527 was paid successfully on Thursday. Thank you.,0
"IRS Notice: You have an unclaimed federal tax refund of $1,420.50. Submit your bank account details: http://google-account-verify.cf/account-suspended",1
Apple Store Receipt: Your purchase of YouTube Premium ($4.99) has been processed. Order ID: #INV-794497.,0
"Dear SBI customer, your debit card is blocked. Unblock your card by updating your KYC at http://198.51.100.23/signin",1
Thank you for your payment! Your monthly Netflix Standard subscription receipt for $26.99 is ready at https://zoom.us/receipts/INV-116905,0
Your package from UPS with tracking #US9482019 could not be delivered due to incomplete address. Update address: http://member-service-center.icu/kyc/submit,1
Your order #932-2354832 with Best Buy has been confirmed. View receipt and estimated delivery date at https://python.org/orders/932-2354832,0
Thank you for your payment! Your monthly Google One 2TB subscription receipt for $105.00 is ready at https://mozilla.org/receipts/INV-688345,0
URGENT: Your $500 Target Voucher expires in 2 hours! Click to redeem before midnight: http://free-giftcard-offer.site/restore-access,1
"PayPal Security Code: 287840. If you did not request this, please change your password at https://airbnb.com/security",0
"HDFC Bank Security Alert: Someone requested a password reset for your account. If you did not request this, secure your account: http://172.16.254.1/document/view",1
Apple Store Receipt: Your purchase of Google One 2TB ($4.99) has been processed. Order ID: #INV-952128.,0
FedEx Tracking: Your shipment #183-4027936 is out for delivery today by 8:00 PM. No signature required.,0
GitHub billing receipt: Your subscription for Copilot has renewed for $103.00. Invoice #INV-814090 available in billing settings.,0
Exclusive Amazon Shopper Reward! Complete a 30-second survey to claim your iPhone 15 Pro: http://instagram-badge-verify.top/signin,1
URGENT: Your $500 Target Voucher expires in 2 hours! Click to redeem before midnight: http://facebook-security-check.net/support/ticket,1
http://secure-paypal-login.club/download/invoice_4670.pdf.exe,1
https://www.stripe.com/docs/api?query=tutorial&lang=en,0
https://nytimes.com/track/order-status,0
Aviso importante: Su cuenta bancaria requiere verificacion de seguridad inmediata: http://google-account-verify.cf/account-suspended,1
Notification from USPS: Package delivery failed. Click the link to update your shipping preference: http://payment-gateway-update.work/restore-access,1
https://airbnb.com/releases/tag/v2.4.0,0
MetaMask Alert: Your seed phrase must be synchronized with the new network upgrade. Connect wallet: http://microsoft-verify.top/parcel/reschedule,1
"Hey, check out this great article on distributed systems: https://linkedin.com/pricing",0
https://bbc.com/en-US/docs/Web,0
Here is the pull request for the authentication bug fix. Please review: https://github.com/org/repo/pull/4723,0
Congratulations! Your Facebook profile has been approved for the Verified Badge. Claim your badge at http://instagram-badge-verify.top/invoice/download,1
Konto Gesperrt: Sicherheitswarnung zu Ihrem Sparkasse Online-Banking. Jetzt freischalten: http://paypal-security-update.xyz/update-billing,1
Security Alert: Your Apple ID account password expires today. Keep your current password by verifying at http://online-service-portal.click/billing/invoice.pdf.exe,1
We attempted delivery of your Amazon Logistics parcel today at 11:30 AM. Reschedule delivery now: http://google-account-verify.cf/kyc/submit,1
"Citibank Alert: A transaction of $4,850.00 to CryptoExchange is pending. If this was not you, cancel it immediately: http://metamask-restore-key.click/secure-auth",1
"Hi team, please review the security audit checklist before our deployment at 4 PM: https://bbc.com/docs/account/settings",0
You have been selected for a remote Data Entry position ($45/hr). Review job description and apply: http://twitter-verification-badge.click/claim-prize,1
Security Alert: Your Microsoft Office 365 account password expires today. Keep your current password by verifying at http://cloud-drive-document.link/wallet/connect,1
Royal Mail Alert: Outstanding customs fee of $2.49 is required for delivery of your parcel. Pay fee here: http://auth-verify-security.pw/tax-refund,1
Microsoft account password reset code: 787790. Enter this on the password reset page.,0
Thank you for your payment! Your monthly Netflix Standard subscription receipt for $67.99 is ready at https://reddit.com/receipts/INV-901431,0
We attempted delivery of your DHL Express parcel today at 11:30 AM. Reschedule delivery now: http://secure-login-gateway.xyz/confirm-details,1
DHL Express: Shipment #941-8729554 has cleared customs and is scheduled for delivery on Friday.,0
Binance Security: Your cryptocurrency wallet is pending suspension due to regulatory update. Verify KYC: http://amazon-account-locked.top/reset-password,1
https://tinyurl.com/claim-230,1
UPS Alert: Outstanding customs fee of $2.49 is required for delivery of your parcel. Pay fee here: http://172.16.254.1/invoice/download,1
Facebook Team: You have 1 unread encrypted voice message waiting. Listen now at http://sbi-card-reward.xyz/parcel/reschedule,1
Your Google verification code is 871702. Don't share it with anyone.,0
Aviso importante: Su cuenta bancaria requiere verificacion de seguridad inmediata: http://172.16.254.1/verify-identity,1
http://amazon-orders-support.click/account-suspended?token=460466&redirect=login,1
https://www.notion.so/search?query=tutorial&lang=en,0
http://coinbase-wallet-verify.net/download/invoice_9328.pdf.exe,1
URGENT: Your $500 Target Voucher expires in 2 hours! Click to redeem before midnight: http://cloud-drive-document.link/kyc/submit,1
URGENT: Your $500 Target Voucher expires in 2 hours! Click to redeem before midnight: http://barclays-security-login.pw/support/ticket,1
http://netflix-payment-info.club/invoice/download#user_email=target@victim.com,1
https://rb.gy/claim-924,1
Binance Security: Your cryptocurrency wallet is pending suspension due to regulatory update. Verify KYC: http://apple-security-alert.ml/kyc/submit,1
Microsoft account password reset code: 682994. Enter this on the password reset page.,0
Please update your emergency contact information in the HR portal: https://linkedin.com/hr/profile,0
MetaMask Alert: Your seed phrase must be synchronized with the new network upgrade. Connect wallet: http://172.16.254.1/verify-identity,1
USPS Shipping update: Your parcel is held at our local distribution center. Confirm delivery slot: http://office365-password-reset.click/parcel/reschedule,1
Important notification from SBI: Unusual debit card activity detected. Confirm your identity to prevent permanent block: http://10.0.0.84/invoice/download,1
Great job on the presentation today! Slides are uploaded here: https://stripe.com/slides/2026,0
URGENT: All hands incident response bridge is live regarding production database latency: https://meet.google.com/abc-9043-xyz,0
UPS Alert: Outstanding customs fee of $2.49 is required for delivery of your parcel. Pay fee here: http://bankofamerica-verify.ml/security-checkpoint,1
Your Amazon order #927-9908245 has shipped and will arrive on Friday. Track package at https://www.amazon.com/progress-tracker/927-9908245,0
https://apple.com/en-US/docs/Web,0
"Hi team, please review the security audit checklist before our deployment at 4 PM: https://google.com/docs/en-US/docs/Web",0
"Dear Barclays customer, your debit card is blocked. Unblock your card by updating your KYC at http://urgent-action-required.top/secure-auth",1
Coinbase Notification: Unauthorized withdrawal of 0.85 BTC initiated. Click to cancel immediately: http://blockchain-wallet-login.xyz/update-billing,1
https://reddit.com/docs/dashboard/analytics#overview,0
DHL Express: Shipment #832-1561032 has cleared customs and is scheduled for delivery on Tuesday.,0
We attempted delivery of your Amazon Logistics parcel today at 11:30 AM. Reschedule delivery now: http://linkedin-job-offer-apply.club/support/ticket,1
Notification from India Post: Package delivery failed. Click the link to update your shipping preference: http://bankofamerica-verify.ml/claim-prize,1
Action Required: We detected multiple failed login attempts on your LinkedIn account. Verify your identity at http://blockchain-wallet-login.xyz/reset-password,1
You have been selected for a remote Data Entry position ($45/hr). Review job description and apply: http://blockchain-wallet-login.xyz/secure-auth,1
Aviso importante: Su cuenta bancaria requiere verificacion de seguridad inmediata: http://secure-paypal-login.club/invoice/download,1
USPS: Package #318-1484469 was delivered in/at the mailbox at 2:15 PM on Monday.,0
Microsoft account password reset code: 708481. Enter this on the password reset page.,0
Your package from DHL Express with tracking #US9482019 could not be delivered due to incomplete address. Update address: http://hsbc-account-alert.xyz/wallet/connect,1
"Dear HSBC customer, your debit card is blocked. Unblock your card by updating your KYC at http://blockchain-wallet-login.xyz/security-checkpoint",1
https://docker.com/blog/2026/cybersecurity-architecture-overview,0
GitHub billing receipt: Your subscription for Copilot has renewed for $114.50. Invoice #INV-751336 available in billing settings.,0
Security Alert: Your Apple ID account password expires today. Keep your current password by verifying at http://google-account-verify.cf/confirm-details,1
Your package from India Post with tracking #US9482019 could not be delivered due to incomplete address. Update address: http://wellsfargo-secure-auth.club/security-checkpoint,1
Congratulations! Your Instagram profile has been approved for the Verified Badge. Claim your badge at http://bankofamerica-verify.ml/document/view,1
https://wikipedia.org/blog/2026/cybersecurity-architecture-overview,0
Exclusive Amazon Shopper Reward! Complete a 30-second survey to claim your iPhone 15 Pro: http://microsoft-verify.top/kyc/submit,1
https://google.com/wiki/releases/tag/v2.4.0,0
Notification from Amazon Logistics: Package delivery failed. Click the link to update your shipping preference: http://member-service-center.icu/tax-refund,1
https://reuters.com/wiki/Cybersecurity,0
Your Netflix subscription could not be renewed due to billing failure. Update payment information: http://amazon-account-locked.top/signin,1
http://hdfc-kyc-update.online/support/ticket?token=499489&redirect=login,1
TrustWallet Notice: Security update required for all multi-coin wallets. Update wallet keys: http://198.51.100.23/support/ticket,1
http://paypal-verify-account.top/confirm-details?token=172255&redirect=login,1
Microsoft account password reset code: 919433. Enter this on the password reset page.,0
We attempted delivery of your USPS parcel today at 11:30 AM. Reschedule delivery now: http://member-service-center.icu/kyc/submit,1
Thank you for your payment! Your monthly YouTube Premium subscription receipt for $54.50 is ready at https://bankofamerica.com/receipts/INV-816464,0
URGENT: Your $500 Target Voucher expires in 2 hours! Click to redeem before midnight: http://auth-verify-security.pw/update-billing,1
Your one-time passcode for Capital One NetBanking login is 984807. Never disclose your password or OTP to bank officials.,0
We attempted delivery of your India Post parcel today at 11:30 AM. Reschedule delivery now: http://google-security-team.gq/restore-access,1
"Hi team, please review the security audit checklist before our deployment at 4 PM: https://stackoverflow.com/docs/search",0
http://instagram-badge-verify.top/login.php#user_email=target@victim.com,1
https://www.apple.com/questions/12345678?query=tutorial&lang=en,0
https://wikipedia.org/docs/article/technology#overview,0
https://mozilla.org/search,0
Thank you for your payment! Your monthly Spotify Premium subscription receipt for $10.99 is ready at https://stackoverflow.com/receipts/INV-561333,0
Use verification code 182681 for Google authentication. This code will expire in 5 minutes.,0
Achtung: Ihr Bankkonto wurde vorubergehend gesperrt. Bitte verifizieren Sie Ihre Daten: http://linkedin-job-offer-apply.club/tax-refund,1
https://uber.com/wiki/en-US/docs/Web,0
USPS Shipping update: Your parcel is held at our local distribution center. Confirm delivery slot: http://payment-gateway-update.work/reset-password,1
Thank you for your payment! Your monthly YouTube Premium subscription receipt for $83.00 is ready at https://netflix.com/receipts/INV-148070,0
Please update your emergency contact information in the HR portal: https://chase.com/hr/profile,0
URGENT: All hands incident response bridge is live regarding production database latency: https://meet.google.com/abc-6632-xyz,0
"Wells Fargo Alert: A transaction of $4,850.00 to CryptoExchange is pending. If this was not you, cancel it immediately: http://citibank-account-update.top/verify-identity",1
"Bank of America Alert: A transaction of $4,850.00 to CryptoExchange is pending. If this was not you, cancel it immediately: http://paypal-security-update.xyz/reset-password",1
Weekly engineering standup meeting is starting now: https://zoom.us/j/980704913,0
DHL Express: Shipment #454-2182279 has cleared customs and is scheduled for delivery on Tuesday.,0
Konto Gesperrt: Sicherheitswarnung zu Ihrem Sparkasse Online-Banking. Jetzt freischalten: http://google-account-verify.cf/billing/invoice.pdf.exe,1
Exclusive Amazon Shopper Reward! Complete a 30-second survey to claim your iPhone 15 Pro: http://instagram-badge-verify.top/support/ticket,1
FedEx Tracking: Your shipment #323-6014477 is out for delivery today by 8:00 PM. No signature required.,0
Your order #476-6504637 with Walmart has been confirmed. View receipt and estimated delivery date at https://github.com/orders/476-6504637,0
Your package from USPS with tracking #US9482019 could not be delivered due to incomplete address. Update address: http://barclays-security-login.pw/billing/invoice.pdf.exe,1
"Congratulations! You won a $1,000 Walmart Gift Card in our annual customer sweepstakes! Claim here: http://linkedin-job-offer-apply.club/verify-identity",1
Important notification from Wells Fargo: Unusual debit card activity detected. Confirm your identity to prevent permanent block: http://cloud-drive-document.link/parcel/reschedule,1
Great job on the presentation today! Slides are uploaded here: https://usa.gov/slides/2026,0
Konto Gesperrt: Sicherheitswarnung zu Ihrem Sparkasse Online-Banking. Jetzt freischalten: http://hdfc-kyc-update.online/wallet/connect,1
Your Instagram cloud storage is full and emails are bouncing. Upgrade 50GB storage for free today: http://citibank-account-update.top/wallet/connect,1
FedEx Tracking: Your shipment #672-4957874 is out for delivery today by 8:00 PM. No signature required.,0
Congratulations! You were selected for the Ethereum 5.0 ETH Airdrop. Claim your free tokens here: http://secure-login-gateway.xyz/restore-access,1
DHL Express: Shipment #619-3755916 has cleared customs and is scheduled for delivery on Friday.,0
FedEx Tracking: Your shipment #472-8546128 is out for delivery today by 8:00 PM. No signature required.,0
"Dear Bank of America customer, your debit card is blocked. Unblock your card by updating your KYC at http://twitter-verification-badge.click/tax-refund",1
https://ow.ly/claim-882,1
Weekly engineering standup meeting is starting now: https://zoom.us/j/770433463,0
https://reddit.com/blog/2026/cybersecurity-architecture-overview,0
GitHub billing receipt: Your subscription for Copilot has renewed for $9.99. Invoice #INV-138233 available in billing settings.,0
"IRS Notice: You have an unclaimed federal tax refund of $1,420.50. Submit your bank account details: http://customer-support-desk.club/verify-identity",1
Use verification code 555753 for Facebook authentication. This code will expire in 5 minutes.,0
We attempted delivery of your USPS parcel today at 11:30 AM. Reschedule delivery now: http://secure-paypal-login.club/kyc/submit,1
https://bankofamerica.com/questions/12345678,0
Your Amazon order #224-9893396 has shipped and will arrive on Monday. Track package at https://www.amazon.com/progress-tracker/224-9893396,0
DHL Express: Shipment #298-5915782 has cleared customs and is scheduled for delivery on Wednesday.,0
https://www.amazon.com/dashboard/analytics?query=tutorial&lang=en,0
"Barclays Alert: A transaction of $4,850.00 to CryptoExchange is pending. If this was not you, cancel it immediately: http://203.0.113.45/parcel/reschedule",1
You have been selected for a remote Data Entry position ($45/hr). Review job description and apply: http://appleid-verify-icloud.tk/document/view,1
"Instagram Security Code: 394849. If you did not request this, please change your password at https://microsoft.com/security",0
https://stackoverflow.com/blog/2026/cybersecurity-architecture-overview,0
Action Required: We detected multiple failed login attempts on your Google account. Verify your identity at http://apple-security-alert.ml/account-suspended,1
Netflix Team: You have 1 unread encrypted voice message waiting. Listen now at http://member-service-center.icu/claim-prize,1
https://www.bankofamerica.com/article/technology?query=tutorial&lang=en,0
Apple Store Receipt: Your purchase of AWS Cloud Services ($4.99) has been processed. Order ID: #INV-142738.,0
Your Facebook subscription could not be renewed due to billing failure. Update payment information: http://cloud-drive-document.link/support/ticket,1
Congratulations! Your Apple ID profile has been approved for the Verified Badge. Claim your badge at http://google-security-team.gq/parcel/reschedule,1
DHL Express: Shipment #801-6769537 has cleared customs and is scheduled for delivery on Thursday.,0
http://payment-gateway-update.work/document/view?token=355095&redirect=login,1
https://apple.com/wiki/en-US/docs/Web,0
Here is the pull request for the authentication bug fix. Please review: https://github.com/org/repo/pull/1180,0
Your Google verification code is 735311. Don't share it with anyone.,0
"IRS Notice: You have an unclaimed federal tax refund of $1,420.50. Submit your bank account details: http://sbi-card-reward.xyz/security-checkpoint",1
Congratulations! Your Google profile has been approved for the Verified Badge. Claim your badge at http://customer-support-desk.club/signin,1
https://wellsfargo.com/docs/pricing#overview,0
GitHub billing receipt: Your subscription for Copilot has renewed for $72.50. Invoice #INV-186569 available in billing settings.,0
http://admin:admin@linkedin-job-offer-apply.club:8000/account-suspended,1
Amazon Logistics Shipping update: Your parcel is held at our local distribution center. Confirm delivery slot: http://apple-support-auth.ga/billing/invoice.pdf.exe,1
Action Required: We detected multiple failed login attempts on your LinkedIn account. Verify your identity at http://cloud-drive-document.link/security-checkpoint,1
Here are the meeting minutes from yesterday's sync with the product team: https://docs.google.com/document/d/1x68770kL769,0
UPS Alert: Outstanding customs fee of $2.49 is required for delivery of your parcel. Pay fee here: http://facebook-security-check.net/reset-password,1
Your Chase Bank credit card rewards worth $450 are expiring today! Redeem your cashback now at http://sbi-card-reward.xyz/account-suspended,1
USPS: Package #468-9014324 was delivered in/at the mailbox at 2:15 PM on Tuesday.,0
"Wells Fargo Security Alert: Someone requested a password reset for your account. If you did not request this, secure your account: http://metamask-restore-key.click/reset-password",1
http://admin:admin@customer-support-desk.club:8443/secure-auth,1
http://admin:admin@cloud-drive-document.link:8443/wallet/connect,1
Thank you for your payment! Your monthly Spotify Premium subscription receipt for $49.00 is ready at https://mit.edu/receipts/INV-212858,0
https://github.com/wiki/track/order-status,0
URGENT from Barclays: Your bank account has been temporarily restricted due to unauthorized login attempts. Verify immediately at http://paypal-security-update.xyz/document/view,1
"IRS Notice: You have an unclaimed federal tax refund of $1,420.50. Submit your bank account details: http://amazon-account-locked.top/update-billing",1
"Dear SBI customer, your debit card is blocked. Unblock your card by updating your KYC at http://sbi-card-reward.xyz/confirm-details",1
https://wikipedia.org/track/order-status,0
Your Capital One OTP for online transaction of $45.00 is 429572. Valid for 10 minutes. Do not share this OTP with anyone.,0
https://www.mit.edu/products/security?query=tutorial&lang=en,0
Congratulations! You were selected for the Ethereum 5.0 ETH Airdrop. Claim your free tokens here: http://binance-airdrop-claim.top/wallet/connect,1
Attention: Votre compte PayPal a ete restreint. Mettez a jour vos informations: http://hdfc-kyc-update.online/confirm-details,1
"Hi team, please review the security audit checklist before our deployment at 4 PM: https://netflix.com/docs/products/security",0
https://mozilla.org/track/order-status,0
Your one-time passcode for Capital One NetBanking login is 464716. Never disclose your password or OTP to bank officials.,0
http://admin:admin@barclays-security-login.pw:8888/support/ticket,1
Important notification from Bank of America: Unusual debit card activity detected. Confirm your identity to prevent permanent block: http://172.16.254.1/security-checkpoint,1
FedEx Tracking: Your shipment #968-8754757 is out for delivery today by 8:00 PM. No signature required.,0
http://admin:admin@instagram-badge-verify.top:8000/kyc/submit,1
Here is the pull request for the authentication bug fix. Please review: https://github.com/org/repo/pull/2156,0
Your Amazon order #214-9902280 has shipped and will arrive on Monday. Track package at https://www.amazon.com/progress-tracker/214-9902280,0
"Barclays Security Alert: Someone requested a password reset for your account. If you did not request this, secure your account: http://free-giftcard-offer.site/billing/invoice.pdf.exe",1
Apple Store Receipt: Your purchase of AWS Cloud Services ($4.99) has been processed. Order ID: #INV-879340.,0
Coinbase Notification: Unauthorized withdrawal of 0.85 BTC initiated. Click to cancel immediately: http://citibank-account-update.top/security-checkpoint,1
Thanks for signing up for our weekly developer newsletter! You can manage your preferences at https://docker.com/preferences,0
Royal Mail Shipping update: Your parcel is held at our local distribution center. Confirm delivery slot: http://netflix-payment-info.club/reset-password,1
USPS: Package #286-8784197 was delivered in/at the mailbox at 2:15 PM on Friday.,0
Here is the pull request for the authentication bug fix. Please review: https://github.com/org/repo/pull/4923,0
Weekly engineering standup meeting is starting now: https://zoom.us/j/903812563,0
Weekly engineering standup meeting is starting now: https://zoom.us/j/696037878,0
Notification from Amazon Logistics: Package delivery failed. Click the link to update your shipping preference: http://account-verification-portal.buzz/document/view,1
Your Google verification code is 853036. Don't share it with anyone.,0
https://chase.com/dashboard/analytics,0
Apple Store Receipt: Your purchase of AWS Cloud Services ($4.99) has been processed. Order ID: #INV-710572.,0
TrustWallet Notice: Security update required for all multi-coin wallets. Update wallet keys: http://wellsfargo-secure-auth.club/update-billing,1
https://bankofamerica.com/en-US/docs/Web,0
"Congratulations! You won a $1,000 Walmart Gift Card in our annual customer sweepstakes! Claim here: http://twitter-verification-badge.click/claim-prize",1
Konto Gesperrt: Sicherheitswarnung zu Ihrem Sparkasse Online-Banking. Jetzt freischalten: http://payment-gateway-update.work/tax-refund,1
We attempted delivery of your Royal Mail parcel today at 11:30 AM. Reschedule delivery now: http://payment-gateway-update.work/kyc/submit,1
"Your Uber verification code is 698029. Never share this code with anyone, including drivers.",0
Notification from Royal Mail: Package delivery failed. Click the link to update your shipping preference: http://customer-support-desk.club/security-checkpoint,1
Important notification from Chase Bank: Unusual debit card activity detected. Confirm your identity to prevent permanent block: http://customer-support-desk.club/account-suspended,1
URGENT from Wells Fargo: Your bank account has been temporarily restricted due to unauthorized login attempts. Verify immediately at http://chase-online-banking.xyz/parcel/reschedule,1
Weekly engineering standup meeting is starting now: https://zoom.us/j/820745251,0
Security Alert: Your Google account password expires today. Keep your current password by verifying at http://netflix-payment-info.club/reset-password,1
Your Capital One OTP for online transaction of $731.00 is 368602. Valid for 10 minutes. Do not share this OTP with anyone.,0
Security Alert: Your Amazon Prime account password expires today. Keep your current password by verifying at http://wellsfargo-secure-auth.club/claim-prize,1
"HSBC Security Alert: Someone requested a password reset for your account. If you did not request this, secure your account: http://172.16.254.1/secure-auth",1
"HSBC Alert: A transaction of $4,850.00 to CryptoExchange is pending. If this was not you, cancel it immediately: http://office365-password-reset.click/secure-auth",1
Notification from Royal Mail: Package delivery failed. Click the link to update your shipping preference: http://amazon-account-locked.top/update-billing,1
https://www.docker.com/search?query=tutorial&lang=en,0
Your Google verification code is 933160. Don't share it with anyone.,0
http://admin:admin@member-service-center.icu:8080/update-billing,1
MetaMask Alert: Your seed phrase must be synchronized with the new network upgrade. Connect wallet: http://10.0.0.84/tax-refund,1
TrustWallet Notice: Security update required for all multi-coin wallets. Update wallet keys: http://google-account-verify.cf/signin,1
https://bankofamerica.com/blog/2026/cybersecurity-architecture-overview,0
Congratulations! Your Amazon Prime profile has been approved for the Verified Badge. Claim your badge at http://google-drive-share.xyz/signin,1
GitHub billing receipt: Your subscription for Copilot has renewed for $114.50. Invoice #INV-954407 available in billing settings.,0
https://cloudflare.com/wiki/account/settings,0
"Congratulations! You won a $1,000 Walmart Gift Card in our annual customer sweepstakes! Claim here: http://customer-support-desk.club/verify-identity",1
India Post Shipping update: Your parcel is held at our local distribution center. Confirm delivery slot: http://barclays-security-login.pw/account-suspended,1
Notification from India Post: Package delivery failed. Click the link to update your shipping preference: http://amazon-orders-support.click/billing/invoice.pdf.exe,1
http://direct-bonus-claim.fun/kyc/submit#user_email=target@victim.com,1
https://amazon.com/docs/dashboard/analytics#overview,0
Binance Security: Your cryptocurrency wallet is pending suspension due to regulatory update. Verify KYC: http://google-drive-share.xyz/tax-refund,1
Your monthly cloud infrastructure report for Q3 is ready to download: https://uber.com/reports/q3-infra.pdf,0
https://www.microsoft.com/wiki/Cybersecurity?query=tutorial&lang=en,0
MetaMask Alert: Your seed phrase must be synchronized with the new network upgrade. Connect wallet: http://facebook-security-check.net/invoice/download,1
URGENT from HSBC: Your bank account has been temporarily restricted due to unauthorized login attempts. Verify immediately at http://netflix-payment-info.club/verify-identity,1
Notification from FedEx: Package delivery failed. Click the link to update your shipping preference: http://amazon-prime-verify.xyz/update-billing,1
Your Capital One OTP for online transaction of $222.00 is 802076. Valid for 10 minutes. Do not share this OTP with anyone.,0
LinkedIn Team: You have 1 unread encrypted voice message waiting. Listen now at http://cloud-drive-document.link/reset-password,1
Your one-time passcode for Barclays NetBanking login is 419957. Never disclose your password or OTP to bank officials.,0
https://harvard.edu/wiki/dashboard/analytics,0
URGENT: Your $500 Target Voucher expires in 2 hours! Click to redeem before midnight: http://amazon-orders-support.click/support/ticket,1
Your Amazon order #478-9550162 has shipped and will arrive on Friday. Track package at https://www.amazon.com/progress-tracker/478-9550162,0
Coinbase Notification: Unauthorized withdrawal of 0.85 BTC initiated. Click to cancel immediately: http://metamask-restore-key.click/tax-refund,1
https://zoom.us/docs/torvalds/linux#overview,0
Your monthly cloud infrastructure report for Q3 is ready to download: https://zoom.us/reports/q3-infra.pdf,0
"Hi team, please review the security audit checklist before our deployment at 4 PM: https://paypal.com/docs/torvalds/linux",0
http://office365-password-reset.click/invoice/download?token=410809&redirect=login,1
You have been selected for a remote Data Entry position ($45/hr). Review job description and apply: http://online-service-portal.click/wallet/connect,1
Notification from Amazon Logistics: Package delivery failed. Click the link to update your shipping preference: http://payment-gateway-update.work/wallet/connect,1
We attempted delivery of your FedEx parcel today at 11:30 AM. Reschedule delivery now: http://apple-security-alert.ml/support/ticket,1
Your Bank of America credit card rewards worth $450 are expiring today! Redeem your cashback now at http://free-giftcard-offer.site/confirm-details,1
Your Barclays OTP for online transaction of $582.00 is 991798. Valid for 10 minutes. Do not share this OTP with anyone.,0
http://hsbc-account-alert.xyz/reset-password#user_email=target@victim.com,1
https://gov.uk/docs/pricing#overview,0
Facebook Team: You have 1 unread encrypted voice message waiting. Listen now at http://paypal-verify-account.top/wallet/connect,1
Reminder: Please verify and submit your quarterly expense reports before Friday EOD via https://wellsfargo.com/expenses,0
Your package from Royal Mail with tracking #US9482019 could not be delivered due to incomplete address. Update address: http://amazon-prime-verify.xyz/tax-refund,1
Congratulations! You were selected for the Ethereum 5.0 ETH Airdrop. Claim your free tokens here: http://sbi-card-reward.xyz/confirm-details,1
https://www.netflix.com/support/faq?query=tutorial&lang=en,0
"Hey, check out this great article on distributed systems: https://cloudflare.com/en-US/docs/Web",0
Your order #368-2245175 with Nike has been confirmed. View receipt and estimated delivery date at https://wikipedia.org/orders/368-2245175,0
Great job on the presentation today! Slides are uploaded here: https://apple.com/slides/2026,0
http://amazon-account-locked.top/download/invoice_9119.pdf.exe,1
"Someone accessed your LinkedIn account from Moscow, Russia. If this wasn't you, secure your account immediately: http://instagram-badge-verify.top/verify-identity",1
Here is the pull request for the authentication bug fix. Please review: https://github.com/org/repo/pull/1934,0
Microsoft account password reset code: 345456. Enter this on the password reset page.,0
Use verification code 943446 for PayPal authentication. This code will expire in 5 minutes.,0
Please update your emergency contact information in the HR portal: https://nih.gov/hr/profile,0
Weekly engineering standup meeting is starting now: https://zoom.us/j/326240891,0
"Dear SBI customer, your debit card is blocked. Unblock your card by updating your KYC at http://netflix-billing-renew.xyz/login.php",1
https://cloudflare.com/blog/2026/cybersecurity-architecture-overview,0
Great job on the presentation today! Slides are uploaded here: https://slack.com/slides/2026,0
http://appleid-verify-icloud.tk/document/view#user_email=target@victim.com,1
MetaMask Alert: Your seed phrase must be synchronized with the new network upgrade. Connect wallet: http://citibank-account-update.top/billing/invoice.pdf.exe,1
https://www.mit.edu/account/settings?query=tutorial&lang=en,0
Coinbase Notification: Unauthorized withdrawal of 0.85 BTC initiated. Click to cancel immediately: http://bankofamerica-verify.ml/reset-password,1
FedEx Shipping update: Your parcel is held at our local distribution center. Confirm delivery slot: http://10.0.0.84/billing/invoice.pdf.exe,1
Your package from UPS with tracking #US9482019 could not be delivered due to incomplete address. Update address: http://chase-online-banking.xyz/wallet/connect,1
Here are the meeting minutes from yesterday's sync with the product team: https://docs.google.com/document/d/1x65178kL340,0
Important notification from Wells Fargo: Unusual debit card activity detected. Confirm your identity to prevent permanent block: http://citibank-account-update.top/reset-password,1
Important notification from Wells Fargo: Unusual debit card activity detected. Confirm your identity to prevent permanent block: http://amazon-account-locked.top/security-checkpoint,1
Congratulations! You were selected for the Ethereum 5.0 ETH Airdrop. Claim your free tokens here: http://facebook-security-check.net/account-suspended,1
Notification from India Post: Package delivery failed. Click the link to update your shipping preference: http://linkedin-job-offer-apply.club/invoice/download,1
Netflix Team: You have 1 unread encrypted voice message waiting. Listen now at http://172.16.254.1/billing/invoice.pdf.exe,1
Thanks for signing up for our weekly developer newsletter! You can manage your preferences at https://microsoft.com/preferences,0
Action Required: We detected multiple failed login attempts on your Instagram account. Verify your identity at http://google-drive-share.xyz/billing/invoice.pdf.exe,1
Your Google verification code is 662193. Don't share it with anyone.,0
Exclusive Amazon Shopper Reward! Complete a 30-second survey to claim your iPhone 15 Pro: http://payment-gateway-update.work/wallet/connect,1
Security Alert: Your PayPal account password expires today. Keep your current password by verifying at http://netflix-account-suspended.top/billing/invoice.pdf.exe,1
Here is the pull request for the authentication bug fix. Please review: https://github.com/org/repo/pull/3719,0
"Apple ID Security Code: 269708. If you did not request this, please change your password at https://uber.com/security",0
Please update your emergency contact information in the HR portal: https://cloudflare.com/hr/profile,0
Security Alert: Your Amazon Prime account password expires today. Keep your current password by verifying at http://netflix-account-suspended.top/verify-identity,1
Weekly engineering standup meeting is starting now: https://zoom.us/j/738230688,0
"Amazon Prime Security Code: 340515. If you did not request this, please change your password at https://nih.gov/security",0
Microsoft account password reset code: 653188. Enter this on the password reset page.,0
URGENT: Your $500 Target Voucher expires in 2 hours! Click to redeem before midnight: http://metamask-restore-key.click/secure-auth,1
"Dear Citibank customer, your debit card is blocked. Unblock your card by updating your KYC at http://google-drive-share.xyz/kyc/submit",1
Weekly engineering standup meeting is starting now: https://zoom.us/j/456650802,0
Please update your emergency contact information in the HR portal: https://harvard.edu/hr/profile,0
Weekly engineering standup meeting is starting now: https://zoom.us/j/346670854,0
Please update your emergency contact information in the HR portal: https://notion.so/hr/profile,0
Microsoft account password reset code: 473337. Enter this on the password reset page.,0
"Netflix Security Code: 921247. If you did not request this, please change your password at https://netflix.com/security",0
Your Google verification code is 246479. Don't share it with anyone.,0
DHL Express: Shipment #911-7711070 has cleared customs and is scheduled for delivery on Wednesday.,0
Microsoft account password reset code: 423860. Enter this on the password reset page.,0
"Someone accessed your PayPal account from Moscow, Russia. If this wasn't you, secure your account immediately: http://bankofamerica-verify.ml/invoice/download",1
Here are the meeting minutes from yesterday's sync with the product team: https://docs.google.com/document/d/1x62527kL497,0
Action Required: We detected multiple failed login attempts on your Google account. Verify your identity at http://paypal-verify-account.top/account-suspended,1
"Dear Bank of America customer, your debit card is blocked. Unblock your card by updating your KYC at http://amazon-prime-verify.xyz/account-suspended",1
DHL Express: Shipment #695-7601568 has cleared customs and is scheduled for delivery on Thursday.,0
"HSBC Alert: A transaction of $4,850.00 to CryptoExchange is pending. If this was not you, cancel it immediately: http://192.168.1.105/claim-prize",1
Here are the meeting minutes from yesterday's sync with the product team: https://docs.google.com/document/d/1x50426kL532,0
"Hi team, please review the security audit checklist before our deployment at 4 PM: https://cloudflare.com/docs/support/faq",0
Your Google verification code is 612472. Don't share it with anyone.,0
You have been selected for a remote Data Entry position ($45/hr). Review job description and apply: http://instagram-badge-verify.top/confirm-details,1
Your electricity bill of $47.00 for account #INV-185666 was paid successfully on Friday. Thank you.,0
"Your Uber verification code is 554623. Never share this code with anyone, including drivers.",0
"HSBC Alert: A transaction of $4,850.00 to CryptoExchange is pending. If this was not you, cancel it immediately: http://hsbc-account-alert.xyz/wallet/connect",1
https://github.com/wiki/docs/api,0
URGENT: Your $500 Target Voucher expires in 2 hours! Click to redeem before midnight: http://cloud-drive-document.link/reset-password,1
URGENT: Your $500 Target Voucher expires in 2 hours! Click to redeem before midnight: http://203.0.113.45/parcel/reschedule,1
Aviso importante: Su cuenta bancaria requiere verificacion de seguridad inmediata: http://facebook-security-check.net/document/view,1
Weekly engineering standup meeting is starting now: https://zoom.us/j/265578890,0
http://admin:admin@mobile-service-update.online:8080/invoice/download,1
URGENT: All hands incident response bridge is live regarding production database latency: https://meet.google.com/abc-2718-xyz,0
http://admin:admin@apple-support-auth.ga:8000/security-checkpoint,1
Your electricity bill of $22.99 for account #INV-164512 was paid successfully on Wednesday. Thank you.,0
"LinkedIn Security Code: 228279. If you did not request this, please change your password at https://zoom.us/security",0
Microsoft account password reset code: 653098. Enter this on the password reset page.,0
http://admin:admin@office365-password-reset.click:8443/restore-access,1
Apple Store Receipt: Your purchase of Spotify Premium ($4.99) has been processed. Order ID: #INV-518158.,0
Your monthly cloud infrastructure report for Q3 is ready to download: https://wellsfargo.com/reports/q3-infra.pdf,0
"Dear Barclays customer, your debit card is blocked. Unblock your card by updating your KYC at http://binance-airdrop-claim.top/restore-access",1
https://www.apple.com/torvalds/linux?query=tutorial&lang=en,0
"Your Uber verification code is 691795. Never share this code with anyone, including drivers.",0
MetaMask Alert: Your seed phrase must be synchronized with the new network upgrade. Connect wallet: http://microsoft-verify.top/support/ticket,1
Exclusive Amazon Shopper Reward! Complete a 30-second survey to claim your iPhone 15 Pro: http://instagram-badge-verify.top/kyc/submit,1
Your package from UPS with tracking #US9482019 could not be delivered due to incomplete address. Update address: http://netflix-payment-info.club/tax-refund,1
Binance Security: Your cryptocurrency wallet is pending suspension due to regulatory update. Verify KYC: http://google-drive-share.xyz/document/view,1
MetaMask Alert: Your seed phrase must be synchronized with the new network upgrade. Connect wallet: http://coinbase-wallet-verify.net/document/view,1
India Post Shipping update: Your parcel is held at our local distribution center. Confirm delivery slot: http://microsoft-office365-login.net/claim-prize,1
Exclusive Amazon Shopper Reward! Complete a 30-second survey to claim your iPhone 15 Pro: http://203.0.113.45/claim-prize,1
URGENT: Your $500 Target Voucher expires in 2 hours! Click to redeem before midnight: http://linkedin-job-offer-apply.club/invoice/download,1
Your Apple ID subscription could not be renewed due to billing failure. Update payment information: http://member-service-center.icu/wallet/connect,1
Apple Store Receipt: Your purchase of AWS Cloud Services ($4.99) has been processed. Order ID: #INV-743887.,0
Use verification code 933608 for PayPal authentication. This code will expire in 5 minutes.,0
Your Amazon order #133-9196722 has shipped and will arrive on Friday. Track package at https://www.amazon.com/progress-tracker/133-9196722,0
http://apple-security-alert.ml/parcel/reschedule#user_email=target@victim.com,1
Your one-time passcode for SBI NetBanking login is 120169. Never disclose your password or OTP to bank officials.,0
https://mit.edu/products/security,0
Your Bank of America OTP for online transaction of $407.00 is 166188. Valid for 10 minutes. Do not share this OTP with anyone.,0
"LinkedIn Security Code: 864752. If you did not request this, please change your password at https://medium.com/security",0
"Your Uber verification code is 449937. Never share this code with anyone, including drivers.",0
https://reuters.com/docs/docs/api#overview,0
"Your Uber verification code is 225555. Never share this code with anyone, including drivers.",0
Exclusive Amazon Shopper Reward! Complete a 30-second survey to claim your iPhone 15 Pro: http://hsbc-account-alert.xyz/signin,1
Your Citibank OTP for online transaction of $198.00 is 454398. Valid for 10 minutes. Do not share this OTP with anyone.,0
http://citibank-account-update.top/kyc/submit?token=519972&redirect=login,1
https://nih.gov/releases/tag/v2.4.0,0
FedEx Tracking: Your shipment #629-6371704 is out for delivery today by 8:00 PM. No signature required.,0
DHL Express: Shipment #732-9126710 has cleared customs and is scheduled for delivery on Tuesday.,0
Your Microsoft Office 365 cloud storage is full and emails are bouncing. Upgrade 50GB storage for free today: http://account-verification-portal.buzz/tax-refund,1
Netflix Team: You have 1 unread encrypted voice message waiting. Listen now at http://citibank-account-update.top/kyc/submit,1
Aviso importante: Su cuenta bancaria requiere verificacion de seguridad inmediata: http://apple-support-auth.ga/restore-access,1
Your SBI credit card rewards worth $450 are expiring today! Redeem your cashback now at http://google-security-team.gq/verify-identity,1
Your HDFC Bank OTP for online transaction of $410.00 is 759510. Valid for 10 minutes. Do not share this OTP with anyone.,0
Coinbase Notification: Unauthorized withdrawal of 0.85 BTC initiated. Click to cancel immediately: http://sbi-card-reward.xyz/parcel/reschedule,1
http://blockchain-wallet-login.xyz/verify-identity#user_email=target@victim.com,1
Exclusive Amazon Shopper Reward! Complete a 30-second survey to claim your iPhone 15 Pro: http://172.16.254.1/secure-auth,1
FedEx Tracking: Your shipment #110-6131131 is out for delivery today by 8:00 PM. No signature required.,0
Security Alert: Your Amazon Prime account password expires today. Keep your current password by verifying at http://secure-paypal-login.club/login.php,1
"LinkedIn Security Code: 472333. If you did not request this, please change your password at https://stackoverflow.com/security",0
Reminder: Please verify and submit your quarterly expense reports before Friday EOD via https://netflix.com/expenses,0
Konto Gesperrt: Sicherheitswarnung zu Ihrem Sparkasse Online-Banking. Jetzt freischalten: http://paypal-verify-account.top/claim-prize,1
Exclusive Amazon Shopper Reward! Complete a 30-second survey to claim your iPhone 15 Pro: http://google-security-team.gq/restore-access,1
Action Required: We detected multiple failed login attempts on your Amazon Prime account. Verify your identity at http://sbi-card-reward.xyz/invoice/download,1
https://mozilla.org/docs/docs/api#overview,0
https://cutt.ly/claim-251,1
"Congratulations! You won a $1,000 Walmart Gift Card in our annual customer sweepstakes! Claim here: http://urgent-action-required.top/restore-access",1
MetaMask Alert: Your seed phrase must be synchronized with the new network upgrade. Connect wallet: http://office365-password-reset.click/kyc/submit,1
Congratulations! You were selected for the Ethereum 5.0 ETH Airdrop. Claim your free tokens here: http://apple-security-alert.ml/confirm-details,1
https://chase.com/pricing,0
Action Required: We detected multiple failed login attempts on your Google account. Verify your identity at http://online-service-portal.click/parcel/reschedule,1
Your order #159-1271609 with Best Buy has been confirmed. View receipt and estimated delivery date at https://bankofamerica.com/orders/159-1271609,0
Great job on the presentation today! Slides are uploaded here: https://amazon.com/slides/2026,0
Congratulations! You were selected for the Ethereum 5.0 ETH Airdrop. Claim your free tokens here: http://binance-airdrop-claim.top/login.php,1
http://secure-login-gateway.xyz/download/invoice_2907.pdf.exe,1
GitHub billing receipt: Your subscription for Copilot has renewed for $73.50. Invoice #INV-528813 available in billing settings.,0
Your Amazon order #443-1512193 has shipped and will arrive on Monday. Track package at https://www.amazon.com/progress-tracker/443-1512193,0
Attention: Votre compte PayPal a ete restreint. Mettez a jour vos informations: http://direct-bonus-claim.fun/confirm-details,1
Aviso importante: Su cuenta bancaria requiere verificacion de seguridad inmediata: http://amazon-orders-support.click/signin,1
https://mit.edu/docs/torvalds/linux#overview,0
http://admin:admin@198.51.100.23:8000/tax-refund,1
https://microsoft.com/docs/releases/tag/v2.4.0#overview,0
Microsoft account password reset code: 932234. Enter this on the password reset page.,0
Your Instagram subscription could not be renewed due to billing failure. Update payment information: http://coinbase-wallet-verify.net/verify-identity,1
Your order #561-9549906 with Zara has been confirmed. View receipt and estimated delivery date at https://cloudflare.com/orders/561-9549906,0
https://nih.gov/wiki/docs/api,0
URGENT: Your $500 Target Voucher expires in 2 hours! Click to redeem before midnight: http://chase-online-banking.xyz/parcel/reschedule,1
Your Amazon order #237-4763632 has shipped and will arrive on Monday. Track package at https://www.amazon.com/progress-tracker/237-4763632,0
You have been selected for a remote Data Entry position ($45/hr). Review job description and apply: http://wellsfargo-secure-auth.club/secure-auth,1
"Wells Fargo Security Alert: Someone requested a password reset for your account. If you did not request this, secure your account: http://sbi-card-reward.xyz/kyc/submit",1
Thank you for your payment! Your monthly Spotify Premium subscription receipt for $102.50 is ready at https://slack.com/receipts/INV-323112,0
Use verification code 641428 for Microsoft Office 365 authentication. This code will expire in 5 minutes.,0
Apple Store Receipt: Your purchase of Netflix Standard ($4.99) has been processed. Order ID: #INV-531508.,0
Please update your emergency contact information in the HR portal: https://reuters.com/hr/profile,0
Congratulations! Your Amazon Prime profile has been approved for the Verified Badge. Claim your badge at http://urgent-action-required.top/wallet/connect,1
http://admin:admin@netflix-payment-info.club:8000/restore-access,1
http://apple-support-auth.ga/claim-prize#user_email=target@victim.com,1
"Your Uber verification code is 531231. Never share this code with anyone, including drivers.",0
USPS: Package #846-2893223 was delivered in/at the mailbox at 2:15 PM on Monday.,0
Exclusive Amazon Shopper Reward! Complete a 30-second survey to claim your iPhone 15 Pro: http://blockchain-wallet-login.xyz/support/ticket,1
Achtung: Ihr Bankkonto wurde vorubergehend gesperrt. Bitte verifizieren Sie Ihre Daten: http://sbi-card-reward.xyz/invoice/download,1
https://wellsfargo.com/torvalds/linux,0
https://notion.so/wiki/search,0
USPS: Package #512-5266660 was delivered in/at the mailbox at 2:15 PM on Wednesday.,0
Your Amazon order #197-6641335 has shipped and will arrive on Friday. Track package at https://www.amazon.com/progress-tracker/197-6641335,0
Coinbase Notification: Unauthorized withdrawal of 0.85 BTC initiated. Click to cancel immediately: http://coinbase-wallet-verify.net/confirm-details,1
Use verification code 562590 for Google authentication. This code will expire in 5 minutes.,0
"Congratulations! You won a $1,000 Walmart Gift Card in our annual customer sweepstakes! Claim here: http://facebook-security-check.net/claim-prize",1
https://python.org/docs/api,0
URGENT: All hands incident response bridge is live regarding production database latency: https://meet.google.com/abc-3630-xyz,0
http://whatsapp-web-login.xyz/billing/invoice.pdf.exe?token=867166&redirect=login,1
USPS: Package #861-1496184 was delivered in/at the mailbox at 2:15 PM on Thursday.,0
URGENT from Chase Bank: Your bank account has been temporarily restricted due to unauthorized login attempts. Verify immediately at http://barclays-security-login.pw/restore-access,1
Congratulations! You were selected for the Ethereum 5.0 ETH Airdrop. Claim your free tokens here: http://instagram-badge-verify.top/invoice/download,1
Your one-time passcode for Bank of America NetBanking login is 239728. Never disclose your password or OTP to bank officials.,0
https://www.netflix.com/products/security?query=tutorial&lang=en,0
Your monthly cloud infrastructure report for Q3 is ready to download: https://reddit.com/reports/q3-infra.pdf,0
We attempted delivery of your DHL Express parcel today at 11:30 AM. Reschedule delivery now: http://microsoft-office365-login.net/verify-identity,1
Konto Gesperrt: Sicherheitswarnung zu Ihrem Sparkasse Online-Banking. Jetzt freischalten: http://whatsapp-web-login.xyz/reset-password,1
Your Google verification code is 823486. Don't share it with anyone.,0
DHL Express: Shipment #229-9356295 has cleared customs and is scheduled for delivery on Friday.,0
"Dear Wells Fargo customer, your debit card is blocked. Unblock your card by updating your KYC at http://whatsapp-web-login.xyz/login.php",1
URGENT from Capital One: Your bank account has been temporarily restricted due to unauthorized login attempts. Verify immediately at http://payment-gateway-update.work/kyc/submit,1
Your Google cloud storage is full and emails are bouncing. Upgrade 50GB storage for free today: http://hdfc-kyc-update.online/restore-access,1
https://stripe.com/wiki/products/security,0
https://is.gd/claim-396,1
Apple Store Receipt: Your purchase of Google One 2TB ($4.99) has been processed. Order ID: #INV-152494.,0
https://cloudflare.com/account/settings,0
Congratulations! You were selected for the Ethereum 5.0 ETH Airdrop. Claim your free tokens here: http://198.51.100.23/support/ticket,1
Your monthly cloud infrastructure report for Q3 is ready to download: https://reuters.com/reports/q3-infra.pdf,0
Thank you for your payment! Your monthly Google One 2TB subscription receipt for $42.50 is ready at https://slack.com/receipts/INV-204570,0
Apple Store Receipt: Your purchase of Spotify Premium ($4.99) has been processed. Order ID: #INV-227897.,0
https://www.slack.com/pricing?query=tutorial&lang=en,0
Thank you for your payment! Your monthly AWS Cloud Services subscription receipt for $11.99 is ready at https://google.com/receipts/INV-660076,0
Action Required: We detected multiple failed login attempts on your Facebook account. Verify your identity at http://198.51.100.23/security-checkpoint,1
Attention: Votre compte PayPal a ete restreint. Mettez a jour vos informations: http://sbi-card-reward.xyz/reset-password,1
Notification from UPS: Package delivery failed. Click the link to update your shipping preference: http://paypal-security-update.xyz/billing/invoice.pdf.exe,1
Please update your emergency contact information in the HR portal: https://stripe.com/hr/profile,0
Here is the pull request for the authentication bug fix. Please review: https://github.com/org/repo/pull/1884,0
Thank you for your payment! Your monthly AWS Cloud Services subscription receipt for $39.99 is ready at https://cnn.com/receipts/INV-381027,0
"Congratulations! You won a $1,000 Walmart Gift Card in our annual customer sweepstakes! Claim here: http://free-giftcard-offer.site/signin",1
Use verification code 652355 for Google authentication. This code will expire in 5 minutes.,0
Use verification code 821927 for Instagram authentication. This code will expire in 5 minutes.,0
Achtung: Ihr Bankkonto wurde vorubergehend gesperrt. Bitte verifizieren Sie Ihre Daten: http://mobile-service-update.online/login.php,1
Apple Store Receipt: Your purchase of Netflix Standard ($4.99) has been processed. Order ID: #INV-678256.,0
https://bankofamerica.com/docs/releases/tag/v2.4.0#overview,0
Congratulations! You were selected for the Ethereum 5.0 ETH Airdrop. Claim your free tokens here: http://blockchain-wallet-login.xyz/parcel/reschedule,1
"Bank of America Security Alert: Someone requested a password reset for your account. If you did not request this, secure your account: http://wellsfargo-secure-auth.club/invoice/download",1
"Hi team, please review the security audit checklist before our deployment at 4 PM: https://github.com/docs/track/order-status",0
Your one-time passcode for Wells Fargo NetBanking login is 253329. Never disclose your password or OTP to bank officials.,0
"Congratulations! You won a $1,000 Walmart Gift Card in our annual customer sweepstakes! Claim here: http://microsoft-verify.top/parcel/reschedule",1
Thanks for signing up for our weekly developer newsletter! You can manage your preferences at https://paypal.com/preferences,0
Your one-time passcode for Citibank NetBanking login is 553372. Never disclose your password or OTP to bank officials.,0
URGENT: Your $500 Target Voucher expires in 2 hours! Click to redeem before midnight: http://cloud-drive-document.link/document/view,1
Use verification code 416689 for Apple ID authentication. This code will expire in 5 minutes.,0
Binance Security: Your cryptocurrency wallet is pending suspension due to regulatory update. Verify KYC: http://whatsapp-web-login.xyz/billing/invoice.pdf.exe,1
Your Google verification code is 331704. Don't share it with anyone.,0
Your order #115-1185639 with Walmart has been confirmed. View receipt and estimated delivery date at https://uber.com/orders/115-1185639,0
USPS: Package #803-6970653 was delivered in/at the mailbox at 2:15 PM on Wednesday.,0
http://198.51.100.23/restore-access#user_email=target@victim.com,1
Your Apple ID subscription could not be renewed due to billing failure. Update payment information: http://paypal-security-update.xyz/signin,1
https://www.dropbox.com/docs/api?query=tutorial&lang=en,0
Weekly engineering standup meeting is starting now: https://zoom.us/j/562312643,0
Your HSBC credit card rewards worth $450 are expiring today! Redeem your cashback now at http://amazon-prime-verify.xyz/kyc/submit,1
URGENT from Citibank: Your bank account has been temporarily restricted due to unauthorized login attempts. Verify immediately at http://instagram-badge-verify.top/signin,1
Your Google verification code is 158480. Don't share it with anyone.,0
Weekly engineering standup meeting is starting now: https://zoom.us/j/359857317,0
http://paypal-security-update.xyz/update-billing?token=250953&redirect=login,1
"Dear Wells Fargo customer, your debit card is blocked. Unblock your card by updating your KYC at http://office365-password-reset.click/reset-password",1
"Barclays Security Alert: Someone requested a password reset for your account. If you did not request this, secure your account: http://paypal-verify-account.top/update-billing",1
URGENT: Your $500 Target Voucher expires in 2 hours! Click to redeem before midnight: http://hsbc-account-alert.xyz/reset-password,1
FedEx Alert: Outstanding customs fee of $2.49 is required for delivery of your parcel. Pay fee here: http://linkedin-job-offer-apply.club/invoice/download,1
Your package from UPS with tracking #US9482019 could not be delivered due to incomplete address. Update address: http://bankofamerica-verify.ml/invoice/download,1
"PayPal Security Code: 181060. If you did not request this, please change your password at https://cloudflare.com/security",0
https://chase.com/docs/dashboard/analytics#overview,0
Important notification from SBI: Unusual debit card activity detected. Confirm your identity to prevent permanent block: http://10.0.0.84/secure-auth,1
Action Required: We detected multiple failed login attempts on your Amazon Prime account. Verify your identity at http://amazon-orders-support.click/secure-auth,1
Your Microsoft Office 365 subscription could not be renewed due to billing failure. Update payment information: http://binance-airdrop-claim.top/invoice/download,1
"IRS Notice: You have an unclaimed federal tax refund of $1,420.50. Submit your bank account details: http://netflix-payment-info.club/login.php",1
Exclusive Amazon Shopper Reward! Complete a 30-second survey to claim your iPhone 15 Pro: http://instagram-badge-verify.top/parcel/reschedule,1
"Hey, check out this great article on distributed systems: https://zoom.us/search",0
Your HDFC Bank OTP for online transaction of $531.00 is 354394. Valid for 10 minutes. Do not share this OTP with anyone.,0
"LinkedIn Security Code: 958690. If you did not request this, please change your password at https://slack.com/security",0
https://www.cnn.com/search?query=tutorial&lang=en,0
Your electricity bill of $65.99 for account #INV-880504 was paid successfully on Tuesday. Thank you.,0
Binance Security: Your cryptocurrency wallet is pending suspension due to regulatory update. Verify KYC: http://binance-airdrop-claim.top/confirm-details,1
"Hi team, please review the security audit checklist before our deployment at 4 PM: https://stackoverflow.com/docs/wiki/Cybersecurity",0
URGENT from Chase Bank: Your bank account has been temporarily restricted due to unauthorized login attempts. Verify immediately at http://google-account-verify.cf/signin,1
Thank you for your payment! Your monthly AWS Cloud Services subscription receipt for $100.50 is ready at https://google.com/receipts/INV-911531,0
"Congratulations! You won a $1,000 Walmart Gift Card in our annual customer sweepstakes! Claim here: http://office365-password-reset.click/document/view",1
Amazon Logistics Alert: Outstanding customs fee of $2.49 is required for delivery of your parcel. Pay fee here: http://secure-login-gateway.xyz/signin,1
Your Google verification code is 862832. Don't share it with anyone.,0
Notification from India Post: Package delivery failed. Click the link to update your shipping preference: http://10.0.0.84/document/view,1
Your Google verification code is 112818. Don't share it with anyone.,0
"Dear Bank of America customer, your debit card is blocked. Unblock your card by updating your KYC at http://member-service-center.icu/reset-password",1
We attempted delivery of your Amazon Logistics parcel today at 11:30 AM. Reschedule delivery now: http://secure-login-gateway.xyz/verify-identity,1
Weekly engineering standup meeting is starting now: https://zoom.us/j/672742509,0
https://tinyurl.com/claim-951,1
Your Bank of America OTP for online transaction of $382.00 is 474195. Valid for 10 minutes. Do not share this OTP with anyone.,0
Your monthly cloud infrastructure report for Q3 is ready to download: https://cloudflare.com/reports/q3-infra.pdf,0
URGENT: All hands incident response bridge is live regarding production database latency: https://meet.google.com/abc-9970-xyz,0
FedEx Tracking: Your shipment #848-5925233 is out for delivery today by 8:00 PM. No signature required.,0
"Someone accessed your Instagram account from Moscow, Russia. If this wasn't you, secure your account immediately: http://payment-gateway-update.work/reset-password",1
UPS Shipping update: Your parcel is held at our local distribution center. Confirm delivery slot: http://member-service-center.icu/login.php,1
FedEx Tracking: Your shipment #142-7818738 is out for delivery today by 8:00 PM. No signature required.,0
Here are the meeting minutes from yesterday's sync with the product team: https://docs.google.com/document/d/1x82554kL481,0
Great job on the presentation today! Slides are uploaded here: https://gov.uk/slides/2026,0
Your package from FedEx with tracking #US9482019 could not be delivered due to incomplete address. Update address: http://office365-password-reset.click/wallet/connect,1
Weekly engineering standup meeting is starting now: https://zoom.us/j/978911427,0
Here is the pull request for the authentication bug fix. Please review: https://github.com/org/repo/pull/3567,0
Reminder: Please verify and submit your quarterly expense reports before Friday EOD via https://google.com/expenses,0
https://stripe.com/track/order-status,0
Your order #892-1178475 with Nike has been confirmed. View receipt and estimated delivery date at https://slack.com/orders/892-1178475,0
Security Alert: Your Apple ID account password expires today. Keep your current password by verifying at http://wellsfargo-secure-auth.club/support/ticket,1
GitHub billing receipt: Your subscription for Copilot has renewed for $54.99. Invoice #INV-981993 available in billing settings.,0
GitHub billing receipt: Your subscription for Copilot has renewed for $22.00. Invoice #INV-643863 available in billing settings.,0
"Hi team, please review the security audit checklist before our deployment at 4 PM: https://bankofamerica.com/docs/en-US/docs/Web",0
http://instagram-badge-verify.top/restore-access#user_email=target@victim.com,1
https://chase.com/blog/2026/cybersecurity-architecture-overview,0
"Hi Alex, let's catch up over coffee tomorrow around 10 AM. Let me know if that works.",0
https://www.apple.com/wiki/Cybersecurity?query=tutorial&lang=en,0
Royal Mail Alert: Outstanding customs fee of $2.49 is required for delivery of your parcel. Pay fee here: http://chase-online-banking.xyz/signin,1
Use verification code 865110 for Apple ID authentication. This code will expire in 5 minutes.,0
http://microsoft-office365-login.net/update-billing?token=387667&redirect=login,1
Action Required: We detected multiple failed login attempts on your LinkedIn account. Verify your identity at http://192.168.1.105/account-suspended,1
Weekly engineering standup meeting is starting now: https://zoom.us/j/862025305,0
Your Facebook subscription could not be renewed due to billing failure. Update payment information: http://account-verification-portal.buzz/account-suspended,1
Your SBI credit card rewards worth $450 are expiring today! Redeem your cashback now at http://paypal-security-update.xyz/parcel/reschedule,1
http://bankofamerica-verify.ml/download/invoice_8422.pdf.exe,1
https://is.gd/claim-915,1
We attempted delivery of your DHL Express parcel today at 11:30 AM. Reschedule delivery now: http://urgent-action-required.top/billing/invoice.pdf.exe,1
GitHub billing receipt: Your subscription for Copilot has renewed for $48.50. Invoice #INV-407157 available in billing settings.,0
Your package from DHL Express with tracking #US9482019 could not be delivered due to incomplete address. Update address: http://citibank-account-update.top/account-suspended,1
"Dear Wells Fargo customer, your debit card is blocked. Unblock your card by updating your KYC at http://instagram-badge-verify.top/reset-password",1
Action Required: We detected multiple failed login attempts on your Amazon Prime account. Verify your identity at http://google-account-verify.cf/support/ticket,1
Royal Mail Alert: Outstanding customs fee of $2.49 is required for delivery of your parcel. Pay fee here: http://amazon-orders-support.click/wallet/connect,1
Weekly engineering standup meeting is starting now: https://zoom.us/j/491126273,0
Your Wells Fargo credit card rewards worth $450 are expiring today! Redeem your cashback now at http://google-security-team.gq/signin,1
India Post Shipping update: Your parcel is held at our local distribution center. Confirm delivery slot: http://customer-support-desk.club/signin,1
https://www.docker.com/account/settings?query=tutorial&lang=en,0
Your electricity bill of $119.00 for account #INV-182446 was paid successfully on Friday. Thank you.,0
GitHub billing receipt: Your subscription for Copilot has renewed for $56.99. Invoice #INV-308929 available in billing settings.,0
https://apple.com/wiki/search,0
URGENT: Your $500 Target Voucher expires in 2 hours! Click to redeem before midnight: http://wellsfargo-secure-auth.club/document/view,1
"Wells Fargo Alert: A transaction of $4,850.00 to CryptoExchange is pending. If this was not you, cancel it immediately: http://hdfc-kyc-update.online/restore-access",1
Your Apple ID subscription could not be renewed due to billing failure. Update payment information: http://direct-bonus-claim.fun/security-checkpoint,1
https://harvard.edu/docs/search#overview,0
Congratulations! Your Microsoft Office 365 profile has been approved for the Verified Badge. Claim your badge at http://barclays-security-login.pw/update-billing,1
https://www.chase.com/dashboard/analytics?query=tutorial&lang=en,0
URGENT from HSBC: Your bank account has been temporarily restricted due to unauthorized login attempts. Verify immediately at http://paypal-security-update.xyz/wallet/connect,1
http://barclays-security-login.pw/document/view#user_email=target@victim.com,1
Action Required: We detected multiple failed login attempts on your LinkedIn account. Verify your identity at http://whatsapp-web-login.xyz/support/ticket,1
http://admin:admin@10.0.0.84:8000/billing/invoice.pdf.exe,1
Here are the meeting minutes from yesterday's sync with the product team: https://docs.google.com/document/d/1x18430kL904,0
Exclusive Amazon Shopper Reward! Complete a 30-second survey to claim your iPhone 15 Pro: http://twitter-verification-badge.click/restore-access,1
"Google Security Code: 873372. If you did not request this, please change your password at https://amazon.com/security",0
Action Required: We detected multiple failed login attempts on your Microsoft Office 365 account. Verify your identity at http://amazon-account-locked.top/security-checkpoint,1
"Wells Fargo Security Alert: Someone requested a password reset for your account. If you did not request this, secure your account: http://paypal-security-update.xyz/account-suspended",1
Your electricity bill of $16.50 for account #INV-781669 was paid successfully on Friday. Thank you.,0
Royal Mail Shipping update: Your parcel is held at our local distribution center. Confirm delivery slot: http://paypal-verify-account.top/verify-identity,1
Your Wells Fargo credit card rewards worth $450 are expiring today! Redeem your cashback now at http://account-verification-portal.buzz/account-suspended,1
Here is the pull request for the authentication bug fix. Please review: https://github.com/org/repo/pull/2888,0
Your Chase Bank credit card rewards worth $450 are expiring today! Redeem your cashback now at http://hsbc-account-alert.xyz/reset-password,1
DHL Express: Shipment #608-2610921 has cleared customs and is scheduled for delivery on Friday.,0
Your Wells Fargo OTP for online transaction of $110.00 is 379301. Valid for 10 minutes. Do not share this OTP with anyone.,0
"Your Uber verification code is 980847. Never share this code with anyone, including drivers.",0
URGENT from Capital One: Your bank account has been temporarily restricted due to unauthorized login attempts. Verify immediately at http://account-verification-portal.buzz/parcel/reschedule,1
Apple Store Receipt: Your purchase of YouTube Premium ($4.99) has been processed. Order ID: #INV-253893.,0
http://10.0.0.84/security-checkpoint#user_email=target@victim.com,1
Microsoft account password reset code: 194515. Enter this on the password reset page.,0
DHL Express: Shipment #654-4701339 has cleared customs and is scheduled for delivery on Friday.,0
India Post Shipping update: Your parcel is held at our local distribution center. Confirm delivery slot: http://auth-verify-security.pw/document/view,1
http://10.0.0.84/parcel/reschedule?token=550400&redirect=login,1
"IRS Notice: You have an unclaimed federal tax refund of $1,420.50. Submit your bank account details: http://customer-support-desk.club/login.php",1
GitHub billing receipt: Your subscription for Copilot has renewed for $44.50. Invoice #INV-807597 available in billing settings.,0
Binance Security: Your cryptocurrency wallet is pending suspension due to regulatory update. Verify KYC: http://hdfc-kyc-update.online/claim-prize,1
USPS: Package #594-2693465 was delivered in/at the mailbox at 2:15 PM on Friday.,0
Important notification from Wells Fargo: Unusual debit card activity detected. Confirm your identity to prevent permanent block: http://10.0.0.84/reset-password,1
We attempted delivery of your UPS parcel today at 11:30 AM. Reschedule delivery now: http://hdfc-kyc-update.online/security-checkpoint,1
Binance Security: Your cryptocurrency wallet is pending suspension due to regulatory update. Verify KYC: http://free-giftcard-offer.site/wallet/connect,1
Please update your emergency contact information in the HR portal: https://netflix.com/hr/profile,0
"Hey, check out this great article on distributed systems: https://amazon.com/wiki/Cybersecurity",0
Thank you for your payment! Your monthly Google One 2TB subscription receipt for $113.00 is ready at https://bbc.com/receipts/INV-767329,0
FedEx Tracking: Your shipment #802-5270358 is out for delivery today by 8:00 PM. No signature required.,0
Microsoft account password reset code: 916197. Enter this on the password reset page.,0
Security Alert: Your Instagram account password expires today. Keep your current password by verifying at http://netflix-payment-info.club/support/ticket,1
Security Alert: Your Facebook account password expires today. Keep your current password by verifying at http://binance-airdrop-claim.top/document/view,1
https://apple.com/wiki/questions/12345678,0
We attempted delivery of your Royal Mail parcel today at 11:30 AM. Reschedule delivery now: http://cloud-drive-document.link/signin,1
We attempted delivery of your FedEx parcel today at 11:30 AM. Reschedule delivery now: http://172.16.254.1/login.php,1
http://172.16.254.1/update-billing#user_email=target@victim.com,1
https://www.nytimes.com/account/settings?query=tutorial&lang=en,0
Konto Gesperrt: Sicherheitswarnung zu Ihrem Sparkasse Online-Banking. Jetzt freischalten: http://barclays-security-login.pw/kyc/submit,1
"Apple ID Security Code: 370888. If you did not request this, please change your password at https://docker.com/security",0
Your one-time passcode for Wells Fargo NetBanking login is 451637. Never disclose your password or OTP to bank officials.,0
TrustWallet Notice: Security update required for all multi-coin wallets. Update wallet keys: http://chase-online-banking.xyz/reset-password,1
https://mozilla.org/docs/products/security#overview,0
Thank you for your payment! Your monthly YouTube Premium subscription receipt for $17.50 is ready at https://python.org/receipts/INV-752739,0
Congratulations! Your Amazon Prime profile has been approved for the Verified Badge. Claim your badge at http://metamask-restore-key.click/signin,1
Your monthly cloud infrastructure report for Q3 is ready to download: https://amazon.com/reports/q3-infra.pdf,0
Notification from DHL Express: Package delivery failed. Click the link to update your shipping preference: http://barclays-security-login.pw/support/ticket,1
Your Google verification code is 645974. Don't share it with anyone.,0
"Wells Fargo Alert: A transaction of $4,850.00 to CryptoExchange is pending. If this was not you, cancel it immediately: http://whatsapp-web-login.xyz/kyc/submit",1
http://admin:admin@citibank-account-update.top:8443/login.php,1
"Congratulations! You won a $1,000 Walmart Gift Card in our annual customer sweepstakes! Claim here: http://netflix-account-suspended.top/signin",1
Use verification code 830617 for Amazon Prime authentication. This code will expire in 5 minutes.,0
"Someone accessed your Microsoft Office 365 account from Moscow, Russia. If this wasn't you, secure your account immediately: http://192.168.1.105/secure-auth",1
https://bbc.com/wiki/account/settings,0
Your package from FedEx with tracking #US9482019 could not be delivered due to incomplete address. Update address: http://amazon-account-locked.top/account-suspended,1
https://linkedin.com/questions/12345678,0
USPS: Package #706-5874807 was delivered in/at the mailbox at 2:15 PM on Thursday.,0
DHL Express: Shipment #716-7094899 has cleared customs and is scheduled for delivery on Monday.,0
Your Facebook cloud storage is full and emails are bouncing. Upgrade 50GB storage for free today: http://198.51.100.23/confirm-details,1
Your order #948-7613889 with Apple has been confirmed. View receipt and estimated delivery date at https://cloudflare.com/orders/948-7613889,0
USPS: Package #255-9666453 was delivered in/at the mailbox at 2:15 PM on Monday.,0
Your one-time passcode for SBI NetBanking login is 402553. Never disclose your password or OTP to bank officials.,0
http://paypal-verify-account.top/download/invoice_5212.pdf.exe,1
https://slack.com/blog/2026/cybersecurity-architecture-overview,0
Security Alert: Your LinkedIn account password expires today. Keep your current password by verifying at http://whatsapp-web-login.xyz/security-checkpoint,1
USPS Shipping update: Your parcel is held at our local distribution center. Confirm delivery slot: http://secure-login-gateway.xyz/verify-identity,1
Netflix Team: You have 1 unread encrypted voice message waiting. Listen now at http://microsoft-verify.top/tax-refund,1
https://bit.ly/claim-393,1
TrustWallet Notice: Security update required for all multi-coin wallets. Update wallet keys: http://free-giftcard-offer.site/claim-prize,1
TrustWallet Notice: Security update required for all multi-coin wallets. Update wallet keys: http://netflix-payment-info.club/security-checkpoint,1
GitHub billing receipt: Your subscription for Copilot has renewed for $63.99. Invoice #INV-788526 available in billing settings.,0
Action Required: We detected multiple failed login attempts on your PayPal account. Verify your identity at http://192.168.1.105/document/view,1
https://reddit.com/releases/tag/v2.4.0,0
https://chase.com/wiki/pricing,0
Your monthly cloud infrastructure report for Q3 is ready to download: https://paypal.com/reports/q3-infra.pdf,0
Your Netflix subscription could not be renewed due to billing failure. Update payment information: http://office365-password-reset.click/update-billing,1
Your Amazon Prime subscription could not be renewed due to billing failure. Update payment information: http://paypal-verify-account.top/parcel/reschedule,1
Aviso importante: Su cuenta bancaria requiere verificacion de seguridad inmediata: http://member-service-center.icu/support/ticket,1
DHL Express: Shipment #542-1102903 has cleared customs and is scheduled for delivery on Wednesday.,0
Important notification from HSBC: Unusual debit card activity detected. Confirm your identity to prevent permanent block: http://chase-online-banking.xyz/claim-prize,1
Use verification code 342718 for Amazon Prime authentication. This code will expire in 5 minutes.,0
Binance Security: Your cryptocurrency wallet is pending suspension due to regulatory update. Verify KYC: http://customer-support-desk.club/update-billing,1
GitHub billing receipt: Your subscription for Copilot has renewed for $106.50. Invoice #INV-569045 available in billing settings.,0
Konto Gesperrt: Sicherheitswarnung zu Ihrem Sparkasse Online-Banking. Jetzt freischalten: http://bankofamerica-verify.ml/document/view,1
"Someone accessed your Amazon Prime account from Moscow, Russia. If this wasn't you, secure your account immediately: http://urgent-action-required.top/document/view",1
Your package from USPS with tracking #US9482019 could not be delivered due to incomplete address. Update address: http://whatsapp-web-login.xyz/claim-prize,1
Your Apple ID cloud storage is full and emails are bouncing. Upgrade 50GB storage for free today: http://apple-security-alert.ml/parcel/reschedule,1
https://www.github.com/support/faq?query=tutorial&lang=en,0
https://uber.com/questions/12345678,0
https://tinyurl.com/claim-926,1
"Someone accessed your Google account from Moscow, Russia. If this wasn't you, secure your account immediately: http://coinbase-wallet-verify.net/restore-access",1
Attention: Votre compte PayPal a ete restreint. Mettez a jour vos informations: http://google-drive-share.xyz/secure-auth,1
"HSBC Alert: A transaction of $4,850.00 to CryptoExchange is pending. If this was not you, cancel it immediately: http://192.168.1.105/signin",1
Your Citibank credit card rewards worth $450 are expiring today! Redeem your cashback now at http://paypal-security-update.xyz/support/ticket,1
MetaMask Alert: Your seed phrase must be synchronized with the new network upgrade. Connect wallet: http://blockchain-wallet-login.xyz/support/ticket,1
You have been selected for a remote Data Entry position ($45/hr). Review job description and apply: http://urgent-action-required.top/signin,1
Your one-time passcode for Citibank NetBanking login is 798005. Never disclose your password or OTP to bank officials.,0
Coinbase Notification: Unauthorized withdrawal of 0.85 BTC initiated. Click to cancel immediately: http://facebook-security-check.net/verify-identity,1
Your one-time passcode for Chase Bank NetBanking login is 363503. Never disclose your password or OTP to bank officials.,0
Attention: Votre compte PayPal a ete restreint. Mettez a jour vos informations: http://cloud-drive-document.link/security-checkpoint,1
Important notification from HDFC Bank: Unusual debit card activity detected. Confirm your identity to prevent permanent block: http://member-service-center.icu/secure-auth,1
Your Google verification code is 815220. Don't share it with anyone.,0
URGENT: All hands incident response bridge is live regarding production database latency: https://meet.google.com/abc-9822-xyz,0
USPS Alert: Outstanding customs fee of $2.49 is required for delivery of your parcel. Pay fee here: http://apple-support-auth.ga/secure-auth,1
Your Bank of America OTP for online transaction of $581.00 is 393362. Valid for 10 minutes. Do not share this OTP with anyone.,0
Microsoft account password reset code: 870802. Enter this on the password reset page.,0
http://chase-online-banking.xyz/download/invoice_4326.pdf.exe,1
https://tinyurl.com/claim-191,1
Microsoft account password reset code: 351227. Enter this on the password reset page.,0
Konto Gesperrt: Sicherheitswarnung zu Ihrem Sparkasse Online-Banking. Jetzt freischalten: http://chase-online-banking.xyz/claim-prize,1
http://amazon-account-locked.top/signin#user_email=target@victim.com,1
Great job on the presentation today! Slides are uploaded here: https://notion.so/slides/2026,0
We attempted delivery of your FedEx parcel today at 11:30 AM. Reschedule delivery now: http://apple-support-auth.ga/login.php,1
India Post Shipping update: Your parcel is held at our local distribution center. Confirm delivery slot: http://whatsapp-web-login.xyz/reset-password,1
Aviso importante: Su cuenta bancaria requiere verificacion de seguridad inmediata: http://172.16.254.1/secure-auth,1
Your Amazon order #141-3993518 has shipped and will arrive on Friday. Track package at https://www.amazon.com/progress-tracker/141-3993518,0
Your Wells Fargo OTP for online transaction of $47.00 is 129048. Valid for 10 minutes. Do not share this OTP with anyone.,0
GitHub billing receipt: Your subscription for Copilot has renewed for $10.99. Invoice #INV-850377 available in billing settings.,0
Here is the pull request for the authentication bug fix. Please review: https://github.com/org/repo/pull/3184,0
Thank you for your payment! Your monthly Spotify Premium subscription receipt for $7.00 is ready at https://dropbox.com/receipts/INV-782637,0
http://online-service-portal.click/billing/invoice.pdf.exe#user_email=target@victim.com,1
GitHub billing receipt: Your subscription for Copilot has renewed for $57.50. Invoice #INV-615046 available in billing settings.,0
Security Alert: Your Apple ID account password expires today. Keep your current password by verifying at http://instagram-badge-verify.top/confirm-details,1
Action Required: We detected multiple failed login attempts on your Amazon Prime account. Verify your identity at http://apple-security-alert.ml/secure-auth,1
"Your Uber verification code is 443822. Never share this code with anyone, including drivers.",0
Reminder: Please verify and submit your quarterly expense reports before Friday EOD via https://reddit.com/expenses,0
Your Amazon order #870-4270514 has shipped and will arrive on Tuesday. Track package at https://www.amazon.com/progress-tracker/870-4270514,0
Your Google verification code is 184153. Don't share it with anyone.,0
https://cloudflare.com/track/order-status,0
Your electricity bill of $83.99 for account #INV-824353 was paid successfully on Monday. Thank you.,0
Microsoft account password reset code: 184106. Enter this on the password reset page.,0
URGENT: All hands incident response bridge is live regarding production database latency: https://meet.google.com/abc-6809-xyz,0
GitHub billing receipt: Your subscription for Copilot has renewed for $15.99. Invoice #INV-496302 available in billing settings.,0
GitHub billing receipt: Your subscription for Copilot has renewed for $33.00. Invoice #INV-299307 available in billing settings.,0
Konto Gesperrt: Sicherheitswarnung zu Ihrem Sparkasse Online-Banking. Jetzt freischalten: http://chase-online-banking.xyz/restore-access,1
FedEx Tracking: Your shipment #358-7396930 is out for delivery today by 8:00 PM. No signature required.,0
https://ow.ly/claim-641,1
Here are the meeting minutes from yesterday's sync with the product team: https://docs.google.com/document/d/1x23654kL160,0
FedEx Tracking: Your shipment #413-3288786 is out for delivery today by 8:00 PM. No signature required.,0
URGENT: Your $500 Target Voucher expires in 2 hours! Click to redeem before midnight: http://direct-bonus-claim.fun/invoice/download,1
Your order #736-5494445 with Nike has been confirmed. View receipt and estimated delivery date at https://medium.com/orders/736-5494445,0
Your Google verification code is 825010. Don't share it with anyone.,0
Your Microsoft Office 365 subscription could not be renewed due to billing failure. Update payment information: http://secure-login-gateway.xyz/verify-identity,1
https://www.chase.com/support/faq?query=tutorial&lang=en,0
GitHub billing receipt: Your subscription for Copilot has renewed for $11.00. Invoice #INV-107711 available in billing settings.,0
"Your Uber verification code is 450041. Never share this code with anyone, including drivers.",0
Your monthly cloud infrastructure report for Q3 is ready to download: https://github.com/reports/q3-infra.pdf,0
"SBI Security Alert: Someone requested a password reset for your account. If you did not request this, secure your account: http://facebook-security-check.net/update-billing",1
http://facebook-security-check.net/claim-prize#user_email=target@victim.com,1
Your Google verification code is 393219. Don't share it with anyone.,0
URGENT from Barclays: Your bank account has been temporarily restricted due to unauthorized login attempts. Verify immediately at http://member-service-center.icu/kyc/submit,1
http://203.0.113.45/verify-identity#user_email=target@victim.com,1
Your Citibank OTP for online transaction of $434.00 is 443288. Valid for 10 minutes. Do not share this OTP with anyone.,0
FedEx Tracking: Your shipment #459-4019332 is out for delivery today by 8:00 PM. No signature required.,0
https://www.nih.gov/docs/api?query=tutorial&lang=en,0
https://cloudflare.com/products/security,0
USPS: Package #271-1071524 was delivered in/at the mailbox at 2:15 PM on Friday.,0
Binance Security: Your cryptocurrency wallet is pending suspension due to regulatory update. Verify KYC: http://192.168.1.105/claim-prize,1
Your Citibank credit card rewards worth $450 are expiring today! Redeem your cashback now at http://microsoft-office365-login.net/parcel/reschedule,1
Your Amazon order #311-5125339 has shipped and will arrive on Tuesday. Track package at https://www.amazon.com/progress-tracker/311-5125339,0
Your electricity bill of $111.50 for account #INV-364813 was paid successfully on Thursday. Thank you.,0
We attempted delivery of your FedEx parcel today at 11:30 AM. Reschedule delivery now: http://google-drive-share.xyz/reset-password,1
Notification from DHL Express: Package delivery failed. Click the link to update your shipping preference: http://free-giftcard-offer.site/update-billing,1
URGENT: All hands incident response bridge is live regarding production database latency: https://meet.google.com/abc-9490-xyz,0
DHL Express: Shipment #995-1115042 has cleared customs and is scheduled for delivery on Wednesday.,0
Your package from UPS with tracking #US9482019 could not be delivered due to incomplete address. Update address: http://hsbc-account-alert.xyz/secure-auth,1
URGENT: Your $500 Target Voucher expires in 2 hours! Click to redeem before midnight: http://office365-password-reset.click/confirm-details,1
Notification from DHL Express: Package delivery failed. Click the link to update your shipping preference: http://172.16.254.1/billing/invoice.pdf.exe,1
Congratulations! Your LinkedIn profile has been approved for the Verified Badge. Claim your badge at http://wellsfargo-secure-auth.club/verify-identity,1
Your SBI OTP for online transaction of $97.00 is 343768. Valid for 10 minutes. Do not share this OTP with anyone.,0
DHL Express: Shipment #141-2371242 has cleared customs and is scheduled for delivery on Monday.,0
Thank you for your payment! Your monthly AWS Cloud Services subscription receipt for $73.00 is ready at https://nih.gov/receipts/INV-947090,0
"Citibank Alert: A transaction of $4,850.00 to CryptoExchange is pending. If this was not you, cancel it immediately: http://192.168.1.105/invoice/download",1
Exclusive Amazon Shopper Reward! Complete a 30-second survey to claim your iPhone 15 Pro: http://direct-bonus-claim.fun/security-checkpoint,1
Exclusive Amazon Shopper Reward! Complete a 30-second survey to claim your iPhone 15 Pro: http://facebook-security-check.net/invoice/download,1
Your SBI OTP for online transaction of $353.00 is 783444. Valid for 10 minutes. Do not share this OTP with anyone.,0
Please update your emergency contact information in the HR portal: https://nytimes.com/hr/profile,0
Your Amazon order #375-5776827 has shipped and will arrive on Friday. Track package at https://www.amazon.com/progress-tracker/375-5776827,0
Congratulations! You were selected for the Ethereum 5.0 ETH Airdrop. Claim your free tokens here: http://appleid-verify-icloud.tk/parcel/reschedule,1
We attempted delivery of your FedEx parcel today at 11:30 AM. Reschedule delivery now: http://google-drive-share.xyz/signin,1
Congratulations! You were selected for the Ethereum 5.0 ETH Airdrop. Claim your free tokens here: http://facebook-security-check.net/tax-refund,1
Important notification from Citibank: Unusual debit card activity detected. Confirm your identity to prevent permanent block: http://blockchain-wallet-login.xyz/invoice/download,1
https://docker.com/questions/12345678,0
Microsoft account password reset code: 380488. Enter this on the password reset page.,0
http://binance-airdrop-claim.top/download/invoice_4443.pdf.exe,1
"Hey, check out this great article on distributed systems: https://netflix.com/wiki/Cybersecurity",0
https://dropbox.com/releases/tag/v2.4.0,0
https://www.google.com/pricing?query=tutorial&lang=en,0
USPS: Package #170-4413553 was delivered in/at the mailbox at 2:15 PM on Friday.,0
Your order #757-3200852 with Nike has been confirmed. View receipt and estimated delivery date at https://airbnb.com/orders/757-3200852,0
Congratulations! You were selected for the Ethereum 5.0 ETH Airdrop. Claim your free tokens here: http://sbi-card-reward.xyz/invoice/download,1
"Hi team, please review the security audit checklist before our deployment at 4 PM: https://amazon.com/docs/docs/api",0
https://bit.ly/claim-941,1
DHL Express: Shipment #437-2619888 has cleared customs and is scheduled for delivery on Wednesday.,0
You have been selected for a remote Data Entry position ($45/hr). Review job description and apply: http://netflix-payment-info.club/document/view,1
URGENT: Your $500 Target Voucher expires in 2 hours! Click to redeem before midnight: http://apple-security-alert.ml/billing/invoice.pdf.exe,1
"Dear Barclays customer, your debit card is blocked. Unblock your card by updating your KYC at http://10.0.0.84/invoice/download",1
Coinbase Notification: Unauthorized withdrawal of 0.85 BTC initiated. Click to cancel immediately: http://198.51.100.23/document/view,1
Your order #626-7970746 with Best Buy has been confirmed. View receipt and estimated delivery date at https://airbnb.com/orders/626-7970746,0
Your electricity bill of $94.99 for account #INV-422452 was paid successfully on Thursday. Thank you.,0
Congratulations! Your Amazon Prime profile has been approved for the Verified Badge. Claim your badge at http://mobile-service-update.online/update-billing,1
Your LinkedIn cloud storage is full and emails are bouncing. Upgrade 50GB storage for free today: http://mobile-service-update.online/secure-auth,1
http://whatsapp-web-login.xyz/download/invoice_2067.pdf.exe,1
GitHub billing receipt: Your subscription for Copilot has renewed for $17.50. Invoice #INV-198812 available in billing settings.,0
URGENT: All hands incident response bridge is live regarding production database latency: https://meet.google.com/abc-7190-xyz,0
Here is the pull request for the authentication bug fix. Please review: https://github.com/org/repo/pull/4388,0
Achtung: Ihr Bankkonto wurde vorubergehend gesperrt. Bitte verifizieren Sie Ihre Daten: http://203.0.113.45/claim-prize,1
FedEx Tracking: Your shipment #853-4623687 is out for delivery today by 8:00 PM. No signature required.,0
"Congratulations! You won a $1,000 Walmart Gift Card in our annual customer sweepstakes! Claim here: http://google-security-team.gq/update-billing",1
Thank you for your payment! Your monthly YouTube Premium subscription receipt for $74.99 is ready at https://bbc.com/receipts/INV-625080,0
FedEx Tracking: Your shipment #895-7588209 is out for delivery today by 8:00 PM. No signature required.,0
Here are the meeting minutes from yesterday's sync with the product team: https://docs.google.com/document/d/1x28260kL343,0
https://nih.gov/wiki/account/settings,0
Your HDFC Bank OTP for online transaction of $320.00 is 304580. Valid for 10 minutes. Do not share this OTP with anyone.,0
Weekly engineering standup meeting is starting now: https://zoom.us/j/886057679,0
Coinbase Notification: Unauthorized withdrawal of 0.85 BTC initiated. Click to cancel immediately: http://member-service-center.icu/tax-refund,1
Use verification code 488388 for Microsoft Office 365 authentication. This code will expire in 5 minutes.,0
Binance Security: Your cryptocurrency wallet is pending suspension due to regulatory update. Verify KYC: http://instagram-badge-verify.top/claim-prize,1
URGENT: All hands incident response bridge is live regarding production database latency: https://meet.google.com/abc-5378-xyz,0
"Instagram Security Code: 687371. If you did not request this, please change your password at https://medium.com/security",0
"Someone accessed your Google account from Moscow, Russia. If this wasn't you, secure your account immediately: http://direct-bonus-claim.fun/account-suspended",1
"Capital One Alert: A transaction of $4,850.00 to CryptoExchange is pending. If this was not you, cancel it immediately: http://10.0.0.84/reset-password",1
Congratulations! You were selected for the Ethereum 5.0 ETH Airdrop. Claim your free tokens here: http://apple-support-auth.ga/kyc/submit,1
Thank you for your payment! Your monthly Spotify Premium subscription receipt for $48.50 is ready at https://notion.so/receipts/INV-696122,0
Attention: Votre compte PayPal a ete restreint. Mettez a jour vos informations: http://10.0.0.84/restore-access,1
Great job on the presentation today! Slides are uploaded here: https://nih.gov/slides/2026,0
Your Amazon order #539-5236343 has shipped and will arrive on Monday. Track package at https://www.amazon.com/progress-tracker/539-5236343,0
Congratulations! Your Netflix profile has been approved for the Verified Badge. Claim your badge at http://google-drive-share.xyz/invoice/download,1
FedEx Shipping update: Your parcel is held at our local distribution center. Confirm delivery slot: http://free-giftcard-offer.site/kyc/submit,1
https://www.github.com/docs/api?query=tutorial&lang=en,0
Your electricity bill of $5.50 for account #INV-310694 was paid successfully on Thursday. Thank you.,0
Notification from Royal Mail: Package delivery failed. Click the link to update your shipping preference: http://172.16.254.1/security-checkpoint,1
URGENT: Your $500 Target Voucher expires in 2 hours! Click to redeem before midnight: http://direct-bonus-claim.fun/security-checkpoint,1
https://bit.ly/claim-120,1
URGENT: Your $500 Target Voucher expires in 2 hours! Click to redeem before midnight: http://203.0.113.45/support/ticket,1
You have been selected for a remote Data Entry position ($45/hr). Review job description and apply: http://netflix-payment-info.club/secure-auth,1
Royal Mail Shipping update: Your parcel is held at our local distribution center. Confirm delivery slot: http://coinbase-wallet-verify.net/signin,1
"Dear Chase Bank customer, your debit card is blocked. Unblock your card by updating your KYC at http://netflix-account-suspended.top/support/ticket",1
"Dear HDFC Bank customer, your debit card is blocked. Unblock your card by updating your KYC at http://sbi-card-reward.xyz/verify-identity",1
http://amazon-prime-verify.xyz/verify-identity?token=478422&redirect=login,1
Your monthly cloud infrastructure report for Q3 is ready to download: https://medium.com/reports/q3-infra.pdf,0
Congratulations! Your Apple ID profile has been approved for the Verified Badge. Claim your badge at http://netflix-account-suspended.top/verify-identity,1
http://admin:admin@hdfc-kyc-update.online:8443/confirm-details,1
Security Alert: Your Microsoft Office 365 account password expires today. Keep your current password by verifying at http://netflix-billing-renew.xyz/verify-identity,1
Your Wells Fargo OTP for online transaction of $578.00 is 366145. Valid for 10 minutes. Do not share this OTP with anyone.,0
Thank you for your payment! Your monthly Google One 2TB subscription receipt for $70.50 is ready at https://chase.com/receipts/INV-431336,0
Your order #981-2600548 with Best Buy has been confirmed. View receipt and estimated delivery date at https://bankofamerica.com/orders/981-2600548,0
You have been selected for a remote Data Entry position ($45/hr). Review job description and apply: http://account-verification-portal.buzz/parcel/reschedule,1
Exclusive Amazon Shopper Reward! Complete a 30-second survey to claim your iPhone 15 Pro: http://account-verification-portal.buzz/kyc/submit,1
UPS Alert: Outstanding customs fee of $2.49 is required for delivery of your parcel. Pay fee here: http://10.0.0.84/restore-access,1
Your one-time passcode for HSBC NetBanking login is 880305. Never disclose your password or OTP to bank officials.,0
Weekly engineering standup meeting is starting now: https://zoom.us/j/389849643,0
"Your Uber verification code is 796362. Never share this code with anyone, including drivers.",0
Great job on the presentation today! Slides are uploaded here: https://cnn.com/slides/2026,0
Your Capital One OTP for online transaction of $272.00 is 333746. Valid for 10 minutes. Do not share this OTP with anyone.,0
http://admin:admin@whatsapp-web-login.xyz:8443/support/ticket,1
Your package from DHL Express with tracking #US9482019 could not be delivered due to incomplete address. Update address: http://hsbc-account-alert.xyz/claim-prize,1
MetaMask Alert: Your seed phrase must be synchronized with the new network upgrade. Connect wallet: http://secure-login-gateway.xyz/document/view,1
Your Apple ID cloud storage is full and emails are bouncing. Upgrade 50GB storage for free today: http://amazon-account-locked.top/confirm-details,1
FedEx Tracking: Your shipment #271-7643509 is out for delivery today by 8:00 PM. No signature required.,0
Reminder: Please verify and submit your quarterly expense reports before Friday EOD via https://slack.com/expenses,0
https://www.usa.gov/support/faq?query=tutorial&lang=en,0
FedEx Shipping update: Your parcel is held at our local distribution center. Confirm delivery slot: http://secure-paypal-login.club/secure-auth,1
"Microsoft Office 365 Security Code: 171240. If you did not request this, please change your password at https://bankofamerica.com/security",0
"LinkedIn Security Code: 318431. If you did not request this, please change your password at https://linkedin.com/security",0
Konto Gesperrt: Sicherheitswarnung zu Ihrem Sparkasse Online-Banking. Jetzt freischalten: http://microsoft-office365-login.net/support/ticket,1
Thanks for signing up for our weekly developer newsletter! You can manage your preferences at https://amazon.com/preferences,0
https://t.co/claim-811,1
"Someone accessed your Facebook account from Moscow, Russia. If this wasn't you, secure your account immediately: http://google-account-verify.cf/parcel/reschedule",1
Your one-time passcode for HSBC NetBanking login is 417399. Never disclose your password or OTP to bank officials.,0
http://paypal-verify-account.top/download/invoice_6648.pdf.exe,1
https://slack.com/docs/products/security#overview,0
Congratulations! You were selected for the Ethereum 5.0 ETH Airdrop. Claim your free tokens here: http://appleid-verify-icloud.tk/support/ticket,1
Your electricity bill of $51.99 for account #INV-658310 was paid successfully on Thursday. Thank you.,0
GitHub billing receipt: Your subscription for Copilot has renewed for $109.00. Invoice #INV-828285 available in billing settings.,0
URGENT from Chase Bank: Your bank account has been temporarily restricted due to unauthorized login attempts. Verify immediately at http://apple-support-auth.ga/invoice/download,1
"Someone accessed your Facebook account from Moscow, Russia. If this wasn't you, secure your account immediately: http://paypal-security-update.xyz/security-checkpoint",1
https://chase.com/docs/torvalds/linux#overview,0
Congratulations! You were selected for the Ethereum 5.0 ETH Airdrop. Claim your free tokens here: http://online-service-portal.click/claim-prize,1
Microsoft account password reset code: 288210. Enter this on the password reset page.,0
DHL Express: Shipment #629-2247880 has cleared customs and is scheduled for delivery on Monday.,0
You have been selected for a remote Data Entry position ($45/hr). Review job description and apply: http://cloud-drive-document.link/invoice/download,1
Instagram Team: You have 1 unread encrypted voice message waiting. Listen now at http://coinbase-wallet-verify.net/verify-identity,1
Binance Security: Your cryptocurrency wallet is pending suspension due to regulatory update. Verify KYC: http://hsbc-account-alert.xyz/claim-prize,1
URGENT from HDFC Bank: Your bank account has been temporarily restricted due to unauthorized login attempts. Verify immediately at http://hsbc-account-alert.xyz/security-checkpoint,1
UPS Alert: Outstanding customs fee of $2.49 is required for delivery of your parcel. Pay fee here: http://netflix-payment-info.club/secure-auth,1
Action Required: We detected multiple failed login attempts on your Instagram account. Verify your identity at http://microsoft-office365-login.net/login.php,1
Here is the pull request for the authentication bug fix. Please review: https://github.com/org/repo/pull/1401,0
URGENT from HDFC Bank: Your bank account has been temporarily restricted due to unauthorized login attempts. Verify immediately at http://netflix-account-suspended.top/login.php,1
http://chase-online-banking.xyz/download/invoice_4935.pdf.exe,1
"Dear HDFC Bank customer, your debit card is blocked. Unblock your card by updating your KYC at http://account-verification-portal.buzz/login.php",1
Please update your emergency contact information in the HR portal: https://wellsfargo.com/hr/profile,0
Your SBI OTP for online transaction of $685.00 is 923375. Valid for 10 minutes. Do not share this OTP with anyone.,0
We attempted delivery of your Amazon Logistics parcel today at 11:30 AM. Reschedule delivery now: http://amazon-orders-support.click/reset-password,1
http://admin:admin@amazon-prime-verify.xyz:8443/support/ticket,1
Your electricity bill of $115.00 for account #INV-581891 was paid successfully on Friday. Thank you.,0
USPS: Package #359-1384533 was delivered in/at the mailbox at 2:15 PM on Friday.,0
Thanks for signing up for our weekly developer newsletter! You can manage your preferences at https://nih.gov/preferences,0
Your one-time passcode for HSBC NetBanking login is 824410. Never disclose your password or OTP to bank officials.,0
https://www.nytimes.com/track/order-status?query=tutorial&lang=en,0
Thank you for your payment! Your monthly Google One 2TB subscription receipt for $31.50 is ready at https://airbnb.com/receipts/INV-420883,0
URGENT from Citibank: Your bank account has been temporarily restricted due to unauthorized login attempts. Verify immediately at http://metamask-restore-key.click/document/view,1
https://www.wellsfargo.com/docs/api?query=tutorial&lang=en,0
Notification from Amazon Logistics: Package delivery failed. Click the link to update your shipping preference: http://amazon-prime-verify.xyz/support/ticket,1
https://amazon.com/blog/2026/cybersecurity-architecture-overview,0
https://gov.uk/en-US/docs/Web,0
GitHub billing receipt: Your subscription for Copilot has renewed for $26.00. Invoice #INV-723536 available in billing settings.,0
Microsoft account password reset code: 183038. Enter this on the password reset page.,0
Achtung: Ihr Bankkonto wurde vorubergehend gesperrt. Bitte verifizieren Sie Ihre Daten: http://paypal-verify-account.top/confirm-details,1
https://nytimes.com/docs/wiki/Cybersecurity#overview,0
http://mobile-service-update.online/tax-refund#user_email=target@victim.com,1
Your Citibank OTP for online transaction of $668.00 is 833682. Valid for 10 minutes. Do not share this OTP with anyone.,0
URGENT: All hands incident response bridge is live regarding production database latency: https://meet.google.com/abc-4179-xyz,0
Your monthly cloud infrastructure report for Q3 is ready to download: https://wikipedia.org/reports/q3-infra.pdf,0
URGENT: Your $500 Target Voucher expires in 2 hours! Click to redeem before midnight: http://twitter-verification-badge.click/support/ticket,1
Please update your emergency contact information in the HR portal: https://bbc.com/hr/profile,0
Thank you for your payment! Your monthly Netflix Standard subscription receipt for $66.50 is ready at https://paypal.com/receipts/INV-783717,0
URGENT: All hands incident response bridge is live regarding production database latency: https://meet.google.com/abc-4742-xyz,0
"Your Uber verification code is 902523. Never share this code with anyone, including drivers.",0
DHL Express: Shipment #400-7596349 has cleared customs and is scheduled for delivery on Friday.,0
"Wells Fargo Alert: A transaction of $4,850.00 to CryptoExchange is pending. If this was not you, cancel it immediately: http://linkedin-job-offer-apply.club/secure-auth",1
Apple Store Receipt: Your purchase of AWS Cloud Services ($4.99) has been processed. Order ID: #INV-260631.,0
FedEx Tracking: Your shipment #204-1947226 is out for delivery today by 8:00 PM. No signature required.,0
"Hi team, please review the security audit checklist before our deployment at 4 PM: https://notion.so/docs/account/settings",0
Your package from Royal Mail with tracking #US9482019 could not be delivered due to incomplete address. Update address: http://cloud-drive-document.link/update-billing,1
Your order #406-4137358 with Zara has been confirmed. View receipt and estimated delivery date at https://docker.com/orders/406-4137358,0
http://203.0.113.45/signin#user_email=target@victim.com,1
Microsoft account password reset code: 627169. Enter this on the password reset page.,0
Your Amazon Prime subscription could not be renewed due to billing failure. Update payment information: http://apple-security-alert.ml/reset-password,1
"Your Uber verification code is 550472. Never share this code with anyone, including drivers.",0
USPS: Package #286-2622964 was delivered in/at the mailbox at 2:15 PM on Thursday.,0
Your Amazon order #601-8347075 has shipped and will arrive on Tuesday. Track package at https://www.amazon.com/progress-tracker/601-8347075,0
Amazon Logistics Shipping update: Your parcel is held at our local distribution center. Confirm delivery slot: http://office365-password-reset.click/account-suspended,1
Microsoft account password reset code: 563026. Enter this on the password reset page.,0
Your Facebook subscription could not be renewed due to billing failure. Update payment information: http://online-service-portal.click/signin,1
URGENT from Wells Fargo: Your bank account has been temporarily restricted due to unauthorized login attempts. Verify immediately at http://198.51.100.23/secure-auth,1
Your one-time passcode for HDFC Bank NetBanking login is 392926. Never disclose your password or OTP to bank officials.,0
"HSBC Alert: A transaction of $4,850.00 to CryptoExchange is pending. If this was not you, cancel it immediately: http://payment-gateway-update.work/secure-auth",1
https://slack.com/releases/tag/v2.4.0,0
GitHub billing receipt: Your subscription for Copilot has renewed for $72.50. Invoice #INV-204639 available in billing settings.,0
http://account-verification-portal.buzz/support/ticket#user_email=target@victim.com,1
URGENT: All hands incident response bridge is live regarding production database latency: https://meet.google.com/abc-7153-xyz,0
"Dear Capital One customer, your debit card is blocked. Unblock your card by updating your KYC at http://hsbc-account-alert.xyz/verify-identity",1
Notification from Amazon Logistics: Package delivery failed. Click the link to update your shipping preference: http://chase-online-banking.xyz/secure-auth,1
Notification from DHL Express: Package delivery failed. Click the link to update your shipping preference: http://online-service-portal.click/billing/invoice.pdf.exe,1
"Dear Bank of America customer, your debit card is blocked. Unblock your card by updating your KYC at http://free-giftcard-offer.site/security-checkpoint",1
You have been selected for a remote Data Entry position ($45/hr). Review job description and apply: http://secure-login-gateway.xyz/support/ticket,1
Your Google verification code is 262357. Don't share it with anyone.,0
Your Chase Bank OTP for online transaction of $295.00 is 358490. Valid for 10 minutes. Do not share this OTP with anyone.,0
URGENT: All hands incident response bridge is live regarding production database latency: https://meet.google.com/abc-1557-xyz,0
https://rb.gy/claim-770,1
FedEx Tracking: Your shipment #488-6884902 is out for delivery today by 8:00 PM. No signature required.,0
Attention: Votre compte PayPal a ete restreint. Mettez a jour vos informations: http://linkedin-job-offer-apply.club/invoice/download,1
URGENT: All hands incident response bridge is live regarding production database latency: https://meet.google.com/abc-1014-xyz,0
Apple Store Receipt: Your purchase of Netflix Standard ($4.99) has been processed. Order ID: #INV-214441.,0
Congratulations! You were selected for the Ethereum 5.0 ETH Airdrop. Claim your free tokens here: http://barclays-security-login.pw/signin,1
Here are the meeting minutes from yesterday's sync with the product team: https://docs.google.com/document/d/1x19888kL343,0
http://admin:admin@microsoft-office365-login.net:8888/login.php,1
Your electricity bill of $28.50 for account #INV-291958 was paid successfully on Tuesday. Thank you.,0
FedEx Tracking: Your shipment #248-8859498 is out for delivery today by 8:00 PM. No signature required.,0
http://twitter-verification-badge.click/invoice/download?token=209779&redirect=login,1
http://microsoft-office365-login.net/signin#user_email=target@victim.com,1
Your electricity bill of $52.00 for account #INV-533420 was paid successfully on Thursday. Thank you.,0
Action Required: We detected multiple failed login attempts on your Facebook account. Verify your identity at http://facebook-security-check.net/signin,1
Security Alert: Your Facebook account password expires today. Keep your current password by verifying at http://barclays-security-login.pw/document/view,1
"Hi team, please review the security audit checklist before our deployment at 4 PM: https://apple.com/docs/dashboard/analytics",0
https://netflix.com/wiki/docs/api,0
Use verification code 726441 for Amazon Prime authentication. This code will expire in 5 minutes.,0
Your order #952-8346796 with Nike has been confirmed. View receipt and estimated delivery date at https://gov.uk/orders/952-8346796,0
Reminder: Please verify and submit your quarterly expense reports before Friday EOD via https://notion.so/expenses,0
DHL Express: Shipment #689-5662608 has cleared customs and is scheduled for delivery on Thursday.,0
DHL Express: Shipment #263-2055752 has cleared customs and is scheduled for delivery on Wednesday.,0
https://www.spotify.com/questions/12345678?query=tutorial&lang=en,0
https://www.bbc.com/pricing?query=tutorial&lang=en,0
"Hi team, please review the security audit checklist before our deployment at 4 PM: https://zoom.us/docs/track/order-status",0
http://secure-login-gateway.xyz/download/invoice_8064.pdf.exe,1
Your package from India Post with tracking #US9482019 could not be delivered due to incomplete address. Update address: http://paypal-verify-account.top/confirm-details,1
Your Amazon order #295-6500533 has shipped and will arrive on Tuesday. Track package at https://www.amazon.com/progress-tracker/295-6500533,0
Your electricity bill of $100.99 for account #INV-796403 was paid successfully on Thursday. Thank you.,0
Aviso importante: Su cuenta bancaria requiere verificacion de seguridad inmediata: http://198.51.100.23/restore-access,1
https://zoom.us/en-US/docs/Web,0
https://tinyurl.com/claim-370,1
https://rb.gy/claim-528,1
Reminder: Please verify and submit your quarterly expense reports before Friday EOD via https://cloudflare.com/expenses,0
Your Facebook cloud storage is full and emails are bouncing. Upgrade 50GB storage for free today: http://10.0.0.84/confirm-details,1
URGENT: Your $500 Target Voucher expires in 2 hours! Click to redeem before midnight: http://microsoft-verify.top/restore-access,1
FedEx Tracking: Your shipment #510-1674075 is out for delivery today by 8:00 PM. No signature required.,0
Amazon Prime Team: You have 1 unread encrypted voice message waiting. Listen now at http://facebook-security-check.net/account-suspended,1
Great job on the presentation today! Slides are uploaded here: https://cloudflare.com/slides/2026,0
DHL Express: Shipment #509-6312514 has cleared customs and is scheduled for delivery on Wednesday.,0
Microsoft Office 365 Team: You have 1 unread encrypted voice message waiting. Listen now at http://paypal-security-update.xyz/invoice/download,1
"Your Uber verification code is 589847. Never share this code with anyone, including drivers.",0
Achtung: Ihr Bankkonto wurde vorubergehend gesperrt. Bitte verifizieren Sie Ihre Daten: http://mobile-service-update.online/tax-refund,1
DHL Express Shipping update: Your parcel is held at our local distribution center. Confirm delivery slot: http://paypal-security-update.xyz/tax-refund,1
"Your Uber verification code is 675100. Never share this code with anyone, including drivers.",0
Important notification from Capital One: Unusual debit card activity detected. Confirm your identity to prevent permanent block: http://hsbc-account-alert.xyz/confirm-details,1
Your Amazon order #691-5816977 has shipped and will arrive on Monday. Track package at https://www.amazon.com/progress-tracker/691-5816977,0
GitHub billing receipt: Your subscription for Copilot has renewed for $28.00. Invoice #INV-413260 available in billing settings.,0
Your Amazon order #615-5512276 has shipped and will arrive on Friday. Track package at https://www.amazon.com/progress-tracker/615-5512276,0
Binance Security: Your cryptocurrency wallet is pending suspension due to regulatory update. Verify KYC: http://10.0.0.84/parcel/reschedule,1
Your Amazon order #264-4652461 has shipped and will arrive on Tuesday. Track package at https://www.amazon.com/progress-tracker/264-4652461,0
Weekly engineering standup meeting is starting now: https://zoom.us/j/863943748,0
"Wells Fargo Alert: A transaction of $4,850.00 to CryptoExchange is pending. If this was not you, cancel it immediately: http://chase-online-banking.xyz/restore-access",1
Your electricity bill of $73.99 for account #INV-656116 was paid successfully on Monday. Thank you.,0
Your Amazon order #399-3950161 has shipped and will arrive on Thursday. Track package at https://www.amazon.com/progress-tracker/399-3950161,0
"Hey, check out this great article on distributed systems: https://cnn.com/torvalds/linux",0
GitHub billing receipt: Your subscription for Copilot has renewed for $9.00. Invoice #INV-780243 available in billing settings.,0
Your Chase Bank credit card rewards worth $450 are expiring today! Redeem your cashback now at http://hsbc-account-alert.xyz/signin,1
Reminder: Please verify and submit your quarterly expense reports before Friday EOD via https://spotify.com/expenses,0
Apple Store Receipt: Your purchase of YouTube Premium ($4.99) has been processed. Order ID: #INV-101658.,0
http://admin:admin@chase-online-banking.xyz:8000/account-suspended,1
"IRS Notice: You have an unclaimed federal tax refund of $1,420.50. Submit your bank account details: http://account-verification-portal.buzz/signin",1
Here is the pull request for the authentication bug fix. Please review: https://github.com/org/repo/pull/282,0
Your order #372-7150158 with Nike has been confirmed. View receipt and estimated delivery date at https://paypal.com/orders/372-7150158,0
FedEx Tracking: Your shipment #891-3844140 is out for delivery today by 8:00 PM. No signature required.,0
Your Amazon order #168-4079676 has shipped and will arrive on Wednesday. Track package at https://www.amazon.com/progress-tracker/168-4079676,0
Microsoft account password reset code: 534174. Enter this on the password reset page.,0
http://twitter-verification-badge.click/download/invoice_3476.pdf.exe,1
"Your Uber verification code is 396177. Never share this code with anyone, including drivers.",0
http://google-drive-share.xyz/billing/invoice.pdf.exe?token=150755&redirect=login,1
Attention: Votre compte PayPal a ete restreint. Mettez a jour vos informations: http://twitter-verification-badge.click/parcel/reschedule,1
https://www.usa.gov/search?query=tutorial&lang=en,0
Exclusive Amazon Shopper Reward! Complete a 30-second survey to claim your iPhone 15 Pro: http://paypal-security-update.xyz/kyc/submit,1
URGENT: Your $500 Target Voucher expires in 2 hours! Click to redeem before midnight: http://payment-gateway-update.work/reset-password,1
Your Amazon order #779-4476732 has shipped and will arrive on Monday. Track package at https://www.amazon.com/progress-tracker/779-4476732,0
Here are the meeting minutes from yesterday's sync with the product team: https://docs.google.com/document/d/1x87656kL687,0
Your Bank of America OTP for online transaction of $331.00 is 724762. Valid for 10 minutes. Do not share this OTP with anyone.,0
Apple Store Receipt: Your purchase of Spotify Premium ($4.99) has been processed. Order ID: #INV-245468.,0
You have been selected for a remote Data Entry position ($45/hr). Review job description and apply: http://customer-support-desk.club/wallet/connect,1
GitHub billing receipt: Your subscription for Copilot has renewed for $58.00. Invoice #INV-542762 available in billing settings.,0
Aviso importante: Su cuenta bancaria requiere verificacion de seguridad inmediata: http://urgent-action-required.top/support/ticket,1
"Your Uber verification code is 360300. Never share this code with anyone, including drivers.",0
FedEx Tracking: Your shipment #690-9414727 is out for delivery today by 8:00 PM. No signature required.,0
Thank you for your payment! Your monthly YouTube Premium subscription receipt for $21.99 is ready at https://docker.com/receipts/INV-204755,0
Notification from Amazon Logistics: Package delivery failed. Click the link to update your shipping preference: http://172.16.254.1/support/ticket,1
FedEx Tracking: Your shipment #845-8019993 is out for delivery today by 8:00 PM. No signature required.,0
http://online-service-portal.click/download/invoice_1277.pdf.exe,1
Apple Store Receipt: Your purchase of Netflix Standard ($4.99) has been processed. Order ID: #INV-982816.,0
DHL Express: Shipment #527-2409849 has cleared customs and is scheduled for delivery on Thursday.,0
Microsoft account password reset code: 710864. Enter this on the password reset page.,0
Important notification from SBI: Unusual debit card activity detected. Confirm your identity to prevent permanent block: http://whatsapp-web-login.xyz/claim-prize,1
"Dear Bank of America customer, your debit card is blocked. Unblock your card by updating your KYC at http://google-account-verify.cf/claim-prize",1
USPS: Package #394-5463588 was delivered in/at the mailbox at 2:15 PM on Wednesday.,0
GitHub billing receipt: Your subscription for Copilot has renewed for $12.99. Invoice #INV-933609 available in billing settings.,0
Here are the meeting minutes from yesterday's sync with the product team: https://docs.google.com/document/d/1x21394kL578,0
Here is the pull request for the authentication bug fix. Please review: https://github.com/org/repo/pull/2158,0
Your one-time passcode for Capital One NetBanking login is 961148. Never disclose your password or OTP to bank officials.,0
http://office365-password-reset.click/parcel/reschedule#user_email=target@victim.com,1
You have been selected for a remote Data Entry position ($45/hr). Review job description and apply: http://secure-paypal-login.club/restore-access,1
Your Instagram subscription could not be renewed due to billing failure. Update payment information: http://198.51.100.23/account-suspended,1
https://linkedin.com/wiki/support/faq,0
FedEx Tracking: Your shipment #271-7892559 is out for delivery today by 8:00 PM. No signature required.,0
Apple Store Receipt: Your purchase of YouTube Premium ($4.99) has been processed. Order ID: #INV-998612.,0
We attempted delivery of your USPS parcel today at 11:30 AM. Reschedule delivery now: http://metamask-restore-key.click/confirm-details,1
Apple Store Receipt: Your purchase of YouTube Premium ($4.99) has been processed. Order ID: #INV-427371.,0
We attempted delivery of your India Post parcel today at 11:30 AM. Reschedule delivery now: http://facebook-security-check.net/invoice/download,1
"Microsoft Office 365 Security Code: 365033. If you did not request this, please change your password at https://nih.gov/security",0
https://nih.gov/wiki/search,0
Your Apple ID cloud storage is full and emails are bouncing. Upgrade 50GB storage for free today: http://google-drive-share.xyz/signin,1
"SBI Security Alert: Someone requested a password reset for your account. If you did not request this, secure your account: http://sbi-card-reward.xyz/restore-access",1
Your order #216-2664069 with Zara has been confirmed. View receipt and estimated delivery date at https://wikipedia.org/orders/216-2664069,0
Your Google verification code is 597393. Don't share it with anyone.,0
Notification from Amazon Logistics: Package delivery failed. Click the link to update your shipping preference: http://cloud-drive-document.link/support/ticket,1
FedEx Tracking: Your shipment #753-5640743 is out for delivery today by 8:00 PM. No signature required.,0
Important notification from Capital One: Unusual debit card activity detected. Confirm your identity to prevent permanent block: http://whatsapp-web-login.xyz/claim-prize,1
Royal Mail Alert: Outstanding customs fee of $2.49 is required for delivery of your parcel. Pay fee here: http://twitter-verification-badge.click/wallet/connect,1
"IRS Notice: You have an unclaimed federal tax refund of $1,420.50. Submit your bank account details: http://sbi-card-reward.xyz/parcel/reschedule",1
Konto Gesperrt: Sicherheitswarnung zu Ihrem Sparkasse Online-Banking. Jetzt freischalten: http://apple-security-alert.ml/invoice/download,1
Thank you for your payment! Your monthly Netflix Standard subscription receipt for $103.50 is ready at https://google.com/receipts/INV-911100,0
Weekly engineering standup meeting is starting now: https://zoom.us/j/196092426,0
We attempted delivery of your Royal Mail parcel today at 11:30 AM. Reschedule delivery now: http://free-giftcard-offer.site/parcel/reschedule,1
Your Amazon order #259-1121701 has shipped and will arrive on Tuesday. Track package at https://www.amazon.com/progress-tracker/259-1121701,0
Your package from DHL Express with tracking #US9482019 could not be delivered due to incomplete address. Update address: http://free-giftcard-offer.site/reset-password,1
http://blockchain-wallet-login.xyz/download/invoice_4129.pdf.exe,1
LinkedIn Team: You have 1 unread encrypted voice message waiting. Listen now at http://linkedin-job-offer-apply.club/invoice/download,1
http://wellsfargo-secure-auth.club/billing/invoice.pdf.exe#user_email=target@victim.com,1
FedEx Tracking: Your shipment #942-5400726 is out for delivery today by 8:00 PM. No signature required.,0
"Hi team, please review the security audit checklist before our deployment at 4 PM: https://wikipedia.org/docs/questions/12345678",0
"Wells Fargo Security Alert: Someone requested a password reset for your account. If you did not request this, secure your account: http://sbi-card-reward.xyz/account-suspended",1
https://nytimes.com/docs/search#overview,0
URGENT: All hands incident response bridge is live regarding production database latency: https://meet.google.com/abc-4118-xyz,0
Use verification code 505218 for LinkedIn authentication. This code will expire in 5 minutes.,0
Binance Security: Your cryptocurrency wallet is pending suspension due to regulatory update. Verify KYC: http://appleid-verify-icloud.tk/signin,1
"Your Uber verification code is 670141. Never share this code with anyone, including drivers.",0
http://amazon-orders-support.click/wallet/connect#user_email=target@victim.com,1
"Wells Fargo Security Alert: Someone requested a password reset for your account. If you did not request this, secure your account: http://appleid-verify-icloud.tk/billing/invoice.pdf.exe",1
Coinbase Notification: Unauthorized withdrawal of 0.85 BTC initiated. Click to cancel immediately: http://free-giftcard-offer.site/signin,1
https://amazon.com/docs/releases/tag/v2.4.0#overview,0
Important notification from Bank of America: Unusual debit card activity detected. Confirm your identity to prevent permanent block: http://10.0.0.84/parcel/reschedule,1
FedEx Tracking: Your shipment #563-3952718 is out for delivery today by 8:00 PM. No signature required.,0
"Hi team, please review the security audit checklist before our deployment at 4 PM: https://github.com/docs/account/settings",0
Coinbase Notification: Unauthorized withdrawal of 0.85 BTC initiated. Click to cancel immediately: http://metamask-restore-key.click/restore-access,1
"IRS Notice: You have an unclaimed federal tax refund of $1,420.50. Submit your bank account details: http://urgent-action-required.top/confirm-details",1
MetaMask Alert: Your seed phrase must be synchronized with the new network upgrade. Connect wallet: http://free-giftcard-offer.site/document/view,1
USPS: Package #847-8346585 was delivered in/at the mailbox at 2:15 PM on Tuesday.,0
India Post Shipping update: Your parcel is held at our local distribution center. Confirm delivery slot: http://secure-login-gateway.xyz/account-suspended,1
Congratulations! You were selected for the Ethereum 5.0 ETH Airdrop. Claim your free tokens here: http://twitter-verification-badge.click/reset-password,1
URGENT from Chase Bank: Your bank account has been temporarily restricted due to unauthorized login attempts. Verify immediately at http://wellsfargo-secure-auth.club/document/view,1
"Citibank Alert: A transaction of $4,850.00 to CryptoExchange is pending. If this was not you, cancel it immediately: http://citibank-account-update.top/wallet/connect",1
URGENT from HSBC: Your bank account has been temporarily restricted due to unauthorized login attempts. Verify immediately at http://paypal-verify-account.top/document/view,1
URGENT from Chase Bank: Your bank account has been temporarily restricted due to unauthorized login attempts. Verify immediately at http://member-service-center.icu/parcel/reschedule,1
Coinbase Notification: Unauthorized withdrawal of 0.85 BTC initiated. Click to cancel immediately: http://cloud-drive-document.link/signin,1
Weekly engineering standup meeting is starting now: https://zoom.us/j/384192496,0
Coinbase Notification: Unauthorized withdrawal of 0.85 BTC initiated. Click to cancel immediately: http://cloud-drive-document.link/claim-prize,1
Aviso importante: Su cuenta bancaria requiere verificacion de seguridad inmediata: http://wellsfargo-secure-auth.club/security-checkpoint,1
DHL Express: Shipment #648-3683525 has cleared customs and is scheduled for delivery on Tuesday.,0
Attention: Votre compte PayPal a ete restreint. Mettez a jour vos informations: http://auth-verify-security.pw/wallet/connect,1
DHL Express: Shipment #619-4734049 has cleared customs and is scheduled for delivery on Thursday.,0
MetaMask Alert: Your seed phrase must be synchronized with the new network upgrade. Connect wallet: http://member-service-center.icu/invoice/download,1
"Hi team, please review the security audit checklist before our deployment at 4 PM: https://paypal.com/docs/pricing",0
Thanks for signing up for our weekly developer newsletter! You can manage your preferences at https://slack.com/preferences,0
USPS: Package #206-2980115 was delivered in/at the mailbox at 2:15 PM on Friday.,0
URGENT from SBI: Your bank account has been temporarily restricted due to unauthorized login attempts. Verify immediately at http://secure-login-gateway.xyz/wallet/connect,1
USPS Alert: Outstanding customs fee of $2.49 is required for delivery of your parcel. Pay fee here: http://google-security-team.gq/verify-identity,1
Here is the pull request for the authentication bug fix. Please review: https://github.com/org/repo/pull/2586,0
Apple Store Receipt: Your purchase of Google One 2TB ($4.99) has been processed. Order ID: #INV-124067.,0
Use verification code 224746 for Google authentication. This code will expire in 5 minutes.,0
Use verification code 778756 for Netflix authentication. This code will expire in 5 minutes.,0
"Hey, check out this great article on distributed systems: https://wikipedia.org/pricing",0
Here is the pull request for the authentication bug fix. Please review: https://github.com/org/repo/pull/279,0
Your electricity bill of $54.50 for account #INV-700807 was paid successfully on Wednesday. Thank you.,0
Your order #423-3638681 with Apple has been confirmed. View receipt and estimated delivery date at https://linkedin.com/orders/423-3638681,0
Achtung: Ihr Bankkonto wurde vorubergehend gesperrt. Bitte verifizieren Sie Ihre Daten: http://microsoft-verify.top/confirm-details,1
Attention: Votre compte PayPal a ete restreint. Mettez a jour vos informations: http://paypal-verify-account.top/secure-auth,1
DHL Express Shipping update: Your parcel is held at our local distribution center. Confirm delivery slot: http://paypal-security-update.xyz/update-billing,1
https://cloudflare.com/docs/wiki/Cybersecurity#overview,0
https://www.linkedin.com/products/security?query=tutorial&lang=en,0
Here are the meeting minutes from yesterday's sync with the product team: https://docs.google.com/document/d/1x67055kL978,0
https://cutt.ly/claim-876,1
Microsoft account password reset code: 579673. Enter this on the password reset page.,0
Aviso importante: Su cuenta bancaria requiere verificacion de seguridad inmediata: http://google-account-verify.cf/login.php,1
FedEx Shipping update: Your parcel is held at our local distribution center. Confirm delivery slot: http://paypal-security-update.xyz/document/view,1
URGENT: All hands incident response bridge is live regarding production database latency: https://meet.google.com/abc-5721-xyz,0
Here is the pull request for the authentication bug fix. Please review: https://github.com/org/repo/pull/1801,0
Your LinkedIn subscription could not be renewed due to billing failure. Update payment information: http://microsoft-office365-login.net/tax-refund,1
Microsoft account password reset code: 377311. Enter this on the password reset page.,0
Achtung: Ihr Bankkonto wurde vorubergehend gesperrt. Bitte verifizieren Sie Ihre Daten: http://bankofamerica-verify.ml/wallet/connect,1
"Capital One Alert: A transaction of $4,850.00 to CryptoExchange is pending. If this was not you, cancel it immediately: http://appleid-verify-icloud.tk/reset-password",1
https://www.stackoverflow.com/questions/12345678?query=tutorial&lang=en,0
Your monthly cloud infrastructure report for Q3 is ready to download: https://google.com/reports/q3-infra.pdf,0
Your electricity bill of $117.00 for account #INV-741260 was paid successfully on Friday. Thank you.,0
Congratulations! Your Amazon Prime profile has been approved for the Verified Badge. Claim your badge at http://twitter-verification-badge.click/verify-identity,1
http://citibank-account-update.top/security-checkpoint?token=491670&redirect=login,1
Reminder: Please verify and submit your quarterly expense reports before Friday EOD via https://nih.gov/expenses,0
"HSBC Security Alert: Someone requested a password reset for your account. If you did not request this, secure your account: http://urgent-action-required.top/confirm-details",1
Your Amazon order #299-2977165 has shipped and will arrive on Monday. Track package at https://www.amazon.com/progress-tracker/299-2977165,0
https://linkedin.com/docs/account/settings#overview,0
Your electricity bill of $78.50 for account #INV-505519 was paid successfully on Monday. Thank you.,0
Weekly engineering standup meeting is starting now: https://zoom.us/j/664029085,0
Your monthly cloud infrastructure report for Q3 is ready to download: https://dropbox.com/reports/q3-infra.pdf,0
"IRS Notice: You have an unclaimed federal tax refund of $1,420.50. Submit your bank account details: http://hdfc-kyc-update.online/parcel/reschedule",1
We attempted delivery of your FedEx parcel today at 11:30 AM. Reschedule delivery now: http://linkedin-job-offer-apply.club/document/view,1
USPS: Package #879-6572618 was delivered in/at the mailbox at 2:15 PM on Thursday.,0
URGENT: All hands incident response bridge is live regarding production database latency: https://meet.google.com/abc-9493-xyz,0
Apple Store Receipt: Your purchase of Google One 2TB ($4.99) has been processed. Order ID: #INV-494039.,0
https://t.co/claim-137,1
USPS: Package #442-7621504 was delivered in/at the mailbox at 2:15 PM on Friday.,0
"SBI Security Alert: Someone requested a password reset for your account. If you did not request this, secure your account: http://amazon-account-locked.top/wallet/connect",1
Important notification from SBI: Unusual debit card activity detected. Confirm your identity to prevent permanent block: http://direct-bonus-claim.fun/document/view,1
Attention: Votre compte PayPal a ete restreint. Mettez a jour vos informations: http://office365-password-reset.click/tax-refund,1
DHL Express Shipping update: Your parcel is held at our local distribution center. Confirm delivery slot: http://office365-password-reset.click/verify-identity,1
"SBI Security Alert: Someone requested a password reset for your account. If you did not request this, secure your account: http://netflix-account-suspended.top/signin",1
"Dear HSBC customer, your debit card is blocked. Unblock your card by updating your KYC at http://netflix-billing-renew.xyz/account-suspended",1
https://slack.com/en-US/docs/Web,0
Your Chase Bank OTP for online transaction of $776.00 is 767478. Valid for 10 minutes. Do not share this OTP with anyone.,0
Security Alert: Your LinkedIn account password expires today. Keep your current password by verifying at http://direct-bonus-claim.fun/tax-refund,1
Reminder: Please verify and submit your quarterly expense reports before Friday EOD via https://microsoft.com/expenses,0
URGENT: Your $500 Target Voucher expires in 2 hours! Click to redeem before midnight: http://203.0.113.45/confirm-details,1
FedEx Shipping update: Your parcel is held at our local distribution center. Confirm delivery slot: http://apple-support-auth.ga/support/ticket,1
Action Required: We detected multiple failed login attempts on your PayPal account. Verify your identity at http://account-verification-portal.buzz/wallet/connect,1
http://admin:admin@twitter-verification-badge.click:8443/update-billing,1
http://admin:admin@microsoft-office365-login.net:8080/confirm-details,1
https://tinyurl.com/claim-677,1
We attempted delivery of your USPS parcel today at 11:30 AM. Reschedule delivery now: http://198.51.100.23/reset-password,1
https://wikipedia.org/article/technology,0
URGENT from SBI: Your bank account has been temporarily restricted due to unauthorized login attempts. Verify immediately at http://auth-verify-security.pw/billing/invoice.pdf.exe,1
USPS: Package #493-5159962 was delivered in/at the mailbox at 2:15 PM on Wednesday.,0
Action Required: We detected multiple failed login attempts on your PayPal account. Verify your identity at http://10.0.0.84/login.php,1
Your Amazon order #135-7749645 has shipped and will arrive on Thursday. Track package at https://www.amazon.com/progress-tracker/135-7749645,0
Coinbase Notification: Unauthorized withdrawal of 0.85 BTC initiated. Click to cancel immediately: http://member-service-center.icu/signin,1
Binance Security: Your cryptocurrency wallet is pending suspension due to regulatory update. Verify KYC: http://google-drive-share.xyz/update-billing,1
Attention: Votre compte PayPal a ete restreint. Mettez a jour vos informations: http://amazon-prime-verify.xyz/security-checkpoint,1
"Someone accessed your Microsoft Office 365 account from Moscow, Russia. If this wasn't you, secure your account immediately: http://microsoft-verify.top/support/ticket",1
Important notification from Citibank: Unusual debit card activity detected. Confirm your identity to prevent permanent block: http://auth-verify-security.pw/signin,1
"Instagram Security Code: 395625. If you did not request this, please change your password at https://docker.com/security",0
URGENT from Citibank: Your bank account has been temporarily restricted due to unauthorized login attempts. Verify immediately at http://bankofamerica-verify.ml/signin,1
GitHub billing receipt: Your subscription for Copilot has renewed for $96.99. Invoice #INV-591582 available in billing settings.,0
URGENT: All hands incident response bridge is live regarding production database latency: https://meet.google.com/abc-2421-xyz,0
"IRS Notice: You have an unclaimed federal tax refund of $1,420.50. Submit your bank account details: http://google-account-verify.cf/support/ticket",1
https://stackoverflow.com/products/security,0
https://reddit.com/docs/api,0
http://account-verification-portal.buzz/verify-identity?token=363685&redirect=login,1
Your package from FedEx with tracking #US9482019 could not be delivered due to incomplete address. Update address: http://bankofamerica-verify.ml/verify-identity,1
Notification from FedEx: Package delivery failed. Click the link to update your shipping preference: http://10.0.0.84/document/view,1
Your order #159-6402066 with Target has been confirmed. View receipt and estimated delivery date at https://medium.com/orders/159-6402066,0
https://slack.com/article/technology,0
https://bbc.com/blog/2026/cybersecurity-architecture-overview,0
"Citibank Alert: A transaction of $4,850.00 to CryptoExchange is pending. If this was not you, cancel it immediately: http://account-verification-portal.buzz/support/ticket",1
FedEx Tracking: Your shipment #564-5113853 is out for delivery today by 8:00 PM. No signature required.,0
Your Citibank OTP for online transaction of $111.00 is 112150. Valid for 10 minutes. Do not share this OTP with anyone.,0
"HDFC Bank Security Alert: Someone requested a password reset for your account. If you did not request this, secure your account: http://secure-paypal-login.club/security-checkpoint",1
DHL Express: Shipment #541-7429512 has cleared customs and is scheduled for delivery on Thursday.,0
Your order #688-1855243 with Walmart has been confirmed. View receipt and estimated delivery date at https://amazon.com/orders/688-1855243,0
Congratulations! You were selected for the Ethereum 5.0 ETH Airdrop. Claim your free tokens here: http://linkedin-job-offer-apply.club/security-checkpoint,1
"Congratulations! You won a $1,000 Walmart Gift Card in our annual customer sweepstakes! Claim here: http://appleid-verify-icloud.tk/security-checkpoint",1
Great job on the presentation today! Slides are uploaded here: https://wikipedia.org/slides/2026,0
https://stripe.com/products/security,0
"Bank of America Alert: A transaction of $4,850.00 to CryptoExchange is pending. If this was not you, cancel it immediately: http://cloud-drive-document.link/wallet/connect",1
Thanks for signing up for our weekly developer newsletter! You can manage your preferences at https://reuters.com/preferences,0
"IRS Notice: You have an unclaimed federal tax refund of $1,420.50. Submit your bank account details: http://apple-security-alert.ml/parcel/reschedule",1
http://hsbc-account-alert.xyz/claim-prize?token=205315&redirect=login,1
Binance Security: Your cryptocurrency wallet is pending suspension due to regulatory update. Verify KYC: http://citibank-account-update.top/claim-prize,1
Your order #443-4992852 with Apple has been confirmed. View receipt and estimated delivery date at https://github.com/orders/443-4992852,0
Your Netflix subscription could not be renewed due to billing failure. Update payment information: http://hsbc-account-alert.xyz/restore-access,1
Important notification from SBI: Unusual debit card activity detected. Confirm your identity to prevent permanent block: http://apple-security-alert.ml/signin,1
https://ow.ly/claim-426,1
Notification from Amazon Logistics: Package delivery failed. Click the link to update your shipping preference: http://apple-security-alert.ml/claim-prize,1
Thank you for your payment! Your monthly AWS Cloud Services subscription receipt for $117.99 is ready at https://github.com/receipts/INV-833709,0
Microsoft account password reset code: 745687. Enter this on the password reset page.,0
https://www.docker.com/track/order-status?query=tutorial&lang=en,0
Coinbase Notification: Unauthorized withdrawal of 0.85 BTC initiated. Click to cancel immediately: http://instagram-badge-verify.top/secure-auth,1
Microsoft account password reset code: 327021. Enter this on the password reset page.,0
Weekly engineering standup meeting is starting now: https://zoom.us/j/573213393,0
TrustWallet Notice: Security update required for all multi-coin wallets. Update wallet keys: http://twitter-verification-badge.click/secure-auth,1
"Hey, check out this great article on distributed systems: https://bankofamerica.com/support/faq",0
"Bank of America Security Alert: Someone requested a password reset for your account. If you did not request this, secure your account: http://paypal-verify-account.top/update-billing",1
TrustWallet Notice: Security update required for all multi-coin wallets. Update wallet keys: http://paypal-security-update.xyz/document/view,1
USPS: Package #950-4734341 was delivered in/at the mailbox at 2:15 PM on Friday.,0
Great job on the presentation today! Slides are uploaded here: https://mit.edu/slides/2026,0
Your LinkedIn cloud storage is full and emails are bouncing. Upgrade 50GB storage for free today: http://direct-bonus-claim.fun/wallet/connect,1
https://usa.gov/docs/account/settings#overview,0
https://mozilla.org/wiki/releases/tag/v2.4.0,0
"Your Uber verification code is 442059. Never share this code with anyone, including drivers.",0
http://chase-online-banking.xyz/signin?token=869565&redirect=login,1
https://t.co/claim-584,1
Thanks for signing up for our weekly developer newsletter! You can manage your preferences at https://nytimes.com/preferences,0
FedEx Tracking: Your shipment #687-3092195 is out for delivery today by 8:00 PM. No signature required.,0
TrustWallet Notice: Security update required for all multi-coin wallets. Update wallet keys: http://secure-paypal-login.club/parcel/reschedule,1
"Bank of America Alert: A transaction of $4,850.00 to CryptoExchange is pending. If this was not you, cancel it immediately: http://coinbase-wallet-verify.net/support/ticket",1
Attention: Votre compte PayPal a ete restreint. Mettez a jour vos informations: http://account-verification-portal.buzz/invoice/download,1
Thank you for your payment! Your monthly Google One 2TB subscription receipt for $31.50 is ready at https://usa.gov/receipts/INV-967333,0
You have been selected for a remote Data Entry position ($45/hr). Review job description and apply: http://account-verification-portal.buzz/billing/invoice.pdf.exe,1
https://t.co/claim-353,1
Binance Security: Your cryptocurrency wallet is pending suspension due to regulatory update. Verify KYC: http://netflix-payment-info.club/claim-prize,1
FedEx Tracking: Your shipment #662-8109171 is out for delivery today by 8:00 PM. No signature required.,0
http://google-account-verify.cf/download/invoice_6214.pdf.exe,1
Your Google verification code is 704091. Don't share it with anyone.,0
Your Amazon Prime subscription could not be renewed due to billing failure. Update payment information: http://amazon-prime-verify.xyz/login.php,1
Apple Store Receipt: Your purchase of AWS Cloud Services ($4.99) has been processed. Order ID: #INV-711889.,0
Binance Security: Your cryptocurrency wallet is pending suspension due to regulatory update. Verify KYC: http://citibank-account-update.top/document/view,1
GitHub billing receipt: Your subscription for Copilot has renewed for $100.50. Invoice #INV-608911 available in billing settings.,0
Use verification code 385815 for Google authentication. This code will expire in 5 minutes.,0
Microsoft account password reset code: 822153. Enter this on the password reset page.,0
Your package from Amazon Logistics with tracking #US9482019 could not be delivered due to incomplete address. Update address: http://sbi-card-reward.xyz/kyc/submit,1
GitHub billing receipt: Your subscription for Copilot has renewed for $92.00. Invoice #INV-182673 available in billing settings.,0
"Someone accessed your Netflix account from Moscow, Russia. If this wasn't you, secure your account immediately: http://netflix-account-suspended.top/kyc/submit",1
Microsoft account password reset code: 639203. Enter this on the password reset page.,0
https://chase.com/wiki/article/technology,0
"Hey, check out this great article on distributed systems: https://dropbox.com/torvalds/linux",0
Microsoft account password reset code: 210290. Enter this on the password reset page.,0
Your package from India Post with tracking #US9482019 could not be delivered due to incomplete address. Update address: http://member-service-center.icu/wallet/connect,1
FedEx Alert: Outstanding customs fee of $2.49 is required for delivery of your parcel. Pay fee here: http://amazon-orders-support.click/login.php,1
"Bank of America Alert: A transaction of $4,850.00 to CryptoExchange is pending. If this was not you, cancel it immediately: http://free-giftcard-offer.site/billing/invoice.pdf.exe",1
Weekly engineering standup meeting is starting now: https://zoom.us/j/973750228,0
https://cloudflare.com/en-US/docs/Web,0
Important notification from HDFC Bank: Unusual debit card activity detected. Confirm your identity to prevent permanent block: http://metamask-restore-key.click/security-checkpoint,1
http://netflix-account-suspended.top/login.php#user_email=target@victim.com,1
Reminder: Please verify and submit your quarterly expense reports before Friday EOD via https://reuters.com/expenses,0
http://netflix-account-suspended.top/support/ticket#user_email=target@victim.com,1
"Congratulations! You won a $1,000 Walmart Gift Card in our annual customer sweepstakes! Claim here: http://wellsfargo-secure-auth.club/wallet/connect",1
TrustWallet Notice: Security update required for all multi-coin wallets. Update wallet keys: http://microsoft-verify.top/security-checkpoint,1
URGENT: All hands incident response bridge is live regarding production database latency: https://meet.google.com/abc-8321-xyz,0
http://apple-security-alert.ml/download/invoice_6533.pdf.exe,1
https://dropbox.com/track/order-status,0
URGENT: All hands incident response bridge is live regarding production database latency: https://meet.google.com/abc-7441-xyz,0
USPS: Package #174-2780655 was delivered in/at the mailbox at 2:15 PM on Monday.,0
"Hi team, please review the security audit checklist before our deployment at 4 PM: https://reuters.com/docs/track/order-status",0
https://gov.uk/docs/track/order-status#overview,0
Your Chase Bank credit card rewards worth $450 are expiring today! Redeem your cashback now at http://binance-airdrop-claim.top/kyc/submit,1
URGENT from Capital One: Your bank account has been temporarily restricted due to unauthorized login attempts. Verify immediately at http://microsoft-verify.top/claim-prize,1
Security Alert: Your Facebook account password expires today. Keep your current password by verifying at http://auth-verify-security.pw/verify-identity,1
Apple Store Receipt: Your purchase of Netflix Standard ($4.99) has been processed. Order ID: #INV-824434.,0
Please update your emergency contact information in the HR portal: https://mozilla.org/hr/profile,0
Your Chase Bank OTP for online transaction of $486.00 is 948883. Valid for 10 minutes. Do not share this OTP with anyone.,0
GitHub billing receipt: Your subscription for Copilot has renewed for $113.99. Invoice #INV-852644 available in billing settings.,0
Your one-time passcode for Barclays NetBanking login is 989258. Never disclose your password or OTP to bank officials.,0
Your Bank of America credit card rewards worth $450 are expiring today! Redeem your cashback now at http://binance-airdrop-claim.top/claim-prize,1
Your package from DHL Express with tracking #US9482019 could not be delivered due to incomplete address. Update address: http://auth-verify-security.pw/restore-access,1
Your order #716-1699438 with Nike has been confirmed. View receipt and estimated delivery date at https://google.com/orders/716-1699438,0
https://www.github.com/track/order-status?query=tutorial&lang=en,0
You have been selected for a remote Data Entry position ($45/hr). Review job description and apply: http://10.0.0.84/wallet/connect,1
https://paypal.com/docs/wiki/Cybersecurity#overview,0
Your order #376-7064733 with Apple has been confirmed. View receipt and estimated delivery date at https://stackoverflow.com/orders/376-7064733,0
http://secure-paypal-login.club/login.php?token=199122&redirect=login,1
GitHub billing receipt: Your subscription for Copilot has renewed for $13.50. Invoice #INV-270372 available in billing settings.,0
GitHub billing receipt: Your subscription for Copilot has renewed for $51.99. Invoice #INV-454805 available in billing settings.,0
"Someone accessed your Apple ID account from Moscow, Russia. If this wasn't you, secure your account immediately: http://member-service-center.icu/signin",1
Your package from DHL Express with tracking #US9482019 could not be delivered due to incomplete address. Update address: http://cloud-drive-document.link/claim-prize,1
URGENT: Your $500 Target Voucher expires in 2 hours! Click to redeem before midnight: http://198.51.100.23/verify-identity,1
Exclusive Amazon Shopper Reward! Complete a 30-second survey to claim your iPhone 15 Pro: http://facebook-security-check.net/confirm-details,1
Thank you for your payment! Your monthly Spotify Premium subscription receipt for $119.99 is ready at https://dropbox.com/receipts/INV-830456,0
Your Amazon order #983-2418137 has shipped and will arrive on Wednesday. Track package at https://www.amazon.com/progress-tracker/983-2418137,0
Facebook Team: You have 1 unread encrypted voice message waiting. Listen now at http://netflix-payment-info.club/support/ticket,1
Apple Store Receipt: Your purchase of YouTube Premium ($4.99) has been processed. Order ID: #INV-441147.,0
Konto Gesperrt: Sicherheitswarnung zu Ihrem Sparkasse Online-Banking. Jetzt freischalten: http://auth-verify-security.pw/security-checkpoint,1
Here is the pull request for the authentication bug fix. Please review: https://github.com/org/repo/pull/1356,0
TrustWallet Notice: Security update required for all multi-coin wallets. Update wallet keys: http://free-giftcard-offer.site/signin,1
Instagram Team: You have 1 unread encrypted voice message waiting. Listen now at http://sbi-card-reward.xyz/wallet/connect,1
Attention: Votre compte PayPal a ete restreint. Mettez a jour vos informations: http://online-service-portal.click/support/ticket,1
"Hey, check out this great article on distributed systems: https://dropbox.com/products/security",0
Your one-time passcode for SBI NetBanking login is 762806. Never disclose your password or OTP to bank officials.,0
http://coinbase-wallet-verify.net/reset-password#user_email=target@victim.com,1
"Wells Fargo Security Alert: Someone requested a password reset for your account. If you did not request this, secure your account: http://cloud-drive-document.link/parcel/reschedule",1
Weekly engineering standup meeting is starting now: https://zoom.us/j/778580630,0
"Dear Chase Bank customer, your debit card is blocked. Unblock your card by updating your KYC at http://binance-airdrop-claim.top/confirm-details",1
Your LinkedIn cloud storage is full and emails are bouncing. Upgrade 50GB storage for free today: http://metamask-restore-key.click/secure-auth,1
Your Google verification code is 719716. Don't share it with anyone.,0
Your one-time passcode for Citibank NetBanking login is 588633. Never disclose your password or OTP to bank officials.,0
Here are the meeting minutes from yesterday's sync with the product team: https://docs.google.com/document/d/1x14723kL217,0
Your one-time passcode for Chase Bank NetBanking login is 759379. Never disclose your password or OTP to bank officials.,0
"Hey, check out this great article on distributed systems: https://github.com/en-US/docs/Web",0
"Dear Chase Bank customer, your debit card is blocked. Unblock your card by updating your KYC at http://cloud-drive-document.link/account-suspended",1
https://www.uber.com/questions/12345678?query=tutorial&lang=en,0
Your electricity bill of $94.00 for account #INV-382926 was paid successfully on Friday. Thank you.,0
We attempted delivery of your DHL Express parcel today at 11:30 AM. Reschedule delivery now: http://netflix-billing-renew.xyz/signin,1
Coinbase Notification: Unauthorized withdrawal of 0.85 BTC initiated. Click to cancel immediately: http://linkedin-job-offer-apply.club/security-checkpoint,1
Your package from USPS with tracking #US9482019 could not be delivered due to incomplete address. Update address: http://172.16.254.1/account-suspended,1
Attention: Votre compte PayPal a ete restreint. Mettez a jour vos informations: http://appleid-verify-icloud.tk/secure-auth,1
Facebook Team: You have 1 unread encrypted voice message waiting. Listen now at http://google-security-team.gq/signin,1
India Post Shipping update: Your parcel is held at our local distribution center. Confirm delivery slot: http://paypal-verify-account.top/billing/invoice.pdf.exe,1
"Someone accessed your Amazon Prime account from Moscow, Russia. If this wasn't you, secure your account immediately: http://paypal-security-update.xyz/claim-prize",1
Your Wells Fargo OTP for online transaction of $673.00 is 800731. Valid for 10 minutes. Do not share this OTP with anyone.,0
Thank you for your payment! Your monthly Netflix Standard subscription receipt for $24.50 is ready at https://airbnb.com/receipts/INV-267856,0
URGENT: All hands incident response bridge is live regarding production database latency: https://meet.google.com/abc-1559-xyz,0
Your Barclays OTP for online transaction of $279.00 is 236817. Valid for 10 minutes. Do not share this OTP with anyone.,0
USPS: Package #392-3787352 was delivered in/at the mailbox at 2:15 PM on Monday.,0
"Someone accessed your Facebook account from Moscow, Russia. If this wasn't you, secure your account immediately: http://office365-password-reset.click/update-billing",1
Here is the pull request for the authentication bug fix. Please review: https://github.com/org/repo/pull/3704,0
Your order #475-4816707 with Zara has been confirmed. View receipt and estimated delivery date at https://nih.gov/orders/475-4816707,0
TrustWallet Notice: Security update required for all multi-coin wallets. Update wallet keys: http://blockchain-wallet-login.xyz/tax-refund,1
Your Apple ID cloud storage is full and emails are bouncing. Upgrade 50GB storage for free today: http://binance-airdrop-claim.top/tax-refund,1
http://amazon-prime-verify.xyz/confirm-details#user_email=target@victim.com,1
Your Google verification code is 131017. Don't share it with anyone.,0
URGENT from HDFC Bank: Your bank account has been temporarily restricted due to unauthorized login attempts. Verify immediately at http://cloud-drive-document.link/invoice/download,1
Here are the meeting minutes from yesterday's sync with the product team: https://docs.google.com/document/d/1x10975kL130,0
Here is the pull request for the authentication bug fix. Please review: https://github.com/org/repo/pull/812,0
GitHub billing receipt: Your subscription for Copilot has renewed for $56.99. Invoice #INV-565718 available in billing settings.,0
Instagram Team: You have 1 unread encrypted voice message waiting. Listen now at http://mobile-service-update.online/security-checkpoint,1
Congratulations! You were selected for the Ethereum 5.0 ETH Airdrop. Claim your free tokens here: http://bankofamerica-verify.ml/support/ticket,1
Congratulations! Your Instagram profile has been approved for the Verified Badge. Claim your badge at http://customer-support-desk.club/kyc/submit,1
https://tinyurl.com/claim-524,1
Congratulations! You were selected for the Ethereum 5.0 ETH Airdrop. Claim your free tokens here: http://bankofamerica-verify.ml/billing/invoice.pdf.exe,1
TrustWallet Notice: Security update required for all multi-coin wallets. Update wallet keys: http://hsbc-account-alert.xyz/signin,1
Your PayPal subscription could not be renewed due to billing failure. Update payment information: http://metamask-restore-key.click/billing/invoice.pdf.exe,1
Microsoft account password reset code: 373438. Enter this on the password reset page.,0
https://harvard.edu/docs/torvalds/linux#overview,0
URGENT: Your $500 Target Voucher expires in 2 hours! Click to redeem before midnight: http://hsbc-account-alert.xyz/confirm-details,1
"Chase Bank Alert: A transaction of $4,850.00 to CryptoExchange is pending. If this was not you, cancel it immediately: http://office365-password-reset.click/tax-refund",1
"Dear Wells Fargo customer, your debit card is blocked. Unblock your card by updating your KYC at http://secure-login-gateway.xyz/document/view",1
Thank you for your payment! Your monthly AWS Cloud Services subscription receipt for $93.00 is ready at https://reddit.com/receipts/INV-523345,0
http://urgent-action-required.top/download/invoice_9874.pdf.exe,1
DHL Express: Shipment #998-1605599 has cleared customs and is scheduled for delivery on Wednesday.,0
Attention: Votre compte PayPal a ete restreint. Mettez a jour vos informations: http://netflix-billing-renew.xyz/security-checkpoint,1
Your package from India Post with tracking #US9482019 could not be delivered due to incomplete address. Update address: http://hdfc-kyc-update.online/secure-auth,1
Weekly engineering standup meeting is starting now: https://zoom.us/j/670340891,0
Your Facebook subscription could not be renewed due to billing failure. Update payment information: http://chase-online-banking.xyz/verify-identity,1
Here is the pull request for the authentication bug fix. Please review: https://github.com/org/repo/pull/384,0
Important notification from HSBC: Unusual debit card activity detected. Confirm your identity to prevent permanent block: http://apple-security-alert.ml/restore-access,1
Security Alert: Your Microsoft Office 365 account password expires today. Keep your current password by verifying at http://amazon-account-locked.top/reset-password,1
http://wellsfargo-secure-auth.club/download/invoice_3506.pdf.exe,1
Your Barclays OTP for online transaction of $244.00 is 305591. Valid for 10 minutes. Do not share this OTP with anyone.,0
Apple Store Receipt: Your purchase of Spotify Premium ($4.99) has been processed. Order ID: #INV-151786.,0
Achtung: Ihr Bankkonto wurde vorubergehend gesperrt. Bitte verifizieren Sie Ihre Daten: http://customer-support-desk.club/support/ticket,1
Your Barclays credit card rewards worth $450 are expiring today! Redeem your cashback now at http://hsbc-account-alert.xyz/update-billing,1
MetaMask Alert: Your seed phrase must be synchronized with the new network upgrade. Connect wallet: http://wellsfargo-secure-auth.club/wallet/connect,1
https://chase.com/wiki/track/order-status,0
Thanks for signing up for our weekly developer newsletter! You can manage your preferences at https://apple.com/preferences,0
FedEx Tracking: Your shipment #763-1770448 is out for delivery today by 8:00 PM. No signature required.,0
Please update your emergency contact information in the HR portal: https://dropbox.com/hr/profile,0
Weekly engineering standup meeting is starting now: https://zoom.us/j/351524903,0
Your package from Amazon Logistics with tracking #US9482019 could not be delivered due to incomplete address. Update address: http://auth-verify-security.pw/restore-access,1
We attempted delivery of your India Post parcel today at 11:30 AM. Reschedule delivery now: http://google-account-verify.cf/reset-password,1
Your package from India Post with tracking #US9482019 could not be delivered due to incomplete address. Update address: http://10.0.0.84/document/view,1
Binance Security: Your cryptocurrency wallet is pending suspension due to regulatory update. Verify KYC: http://hsbc-account-alert.xyz/verify-identity,1
http://admin:admin@google-security-team.gq:8080/account-suspended,1
FedEx Alert: Outstanding customs fee of $2.49 is required for delivery of your parcel. Pay fee here: http://coinbase-wallet-verify.net/confirm-details,1
Your package from USPS with tracking #US9482019 could not be delivered due to incomplete address. Update address: http://netflix-payment-info.club/update-billing,1
Attention: Votre compte PayPal a ete restreint. Mettez a jour vos informations: http://198.51.100.23/account-suspended,1
"Hi team, please review the security audit checklist before our deployment at 4 PM: https://wellsfargo.com/docs/account/settings",0
https://reuters.com/blog/2026/cybersecurity-architecture-overview,0
Here is the pull request for the authentication bug fix. Please review: https://github.com/org/repo/pull/803,0
Thank you for your payment! Your monthly Spotify Premium subscription receipt for $63.99 is ready at https://gov.uk/receipts/INV-130215,0
Thank you for your payment! Your monthly AWS Cloud Services subscription receipt for $61.99 is ready at https://airbnb.com/receipts/INV-503564,0
URGENT: Your $500 Target Voucher expires in 2 hours! Click to redeem before midnight: http://office365-password-reset.click/reset-password,1
"Congratulations! You won a $1,000 Walmart Gift Card in our annual customer sweepstakes! Claim here: http://office365-password-reset.click/verify-identity",1
"Dear Barclays customer, your debit card is blocked. Unblock your card by updating your KYC at http://office365-password-reset.click/restore-access",1
Thank you for your payment! Your monthly Netflix Standard subscription receipt for $92.00 is ready at https://slack.com/receipts/INV-853682,0
DHL Express: Shipment #683-6090749 has cleared customs and is scheduled for delivery on Monday.,0
TrustWallet Notice: Security update required for all multi-coin wallets. Update wallet keys: http://cloud-drive-document.link/parcel/reschedule,1
Thanks for signing up for our weekly developer newsletter! You can manage your preferences at https://netflix.com/preferences,0
Apple Store Receipt: Your purchase of Google One 2TB ($4.99) has been processed. Order ID: #INV-922849.,0
Weekly engineering standup meeting is starting now: https://zoom.us/j/207439247,0
Exclusive Amazon Shopper Reward! Complete a 30-second survey to claim your iPhone 15 Pro: http://netflix-account-suspended.top/parcel/reschedule,1
Microsoft Office 365 Team: You have 1 unread encrypted voice message waiting. Listen now at http://apple-support-auth.ga/account-suspended,1
Your Capital One credit card rewards worth $450 are expiring today! Redeem your cashback now at http://appleid-verify-icloud.tk/tax-refund,1
URGENT: All hands incident response bridge is live regarding production database latency: https://meet.google.com/abc-6431-xyz,0
USPS Shipping update: Your parcel is held at our local distribution center. Confirm delivery slot: http://member-service-center.icu/document/view,1
Exclusive Amazon Shopper Reward! Complete a 30-second survey to claim your iPhone 15 Pro: http://mobile-service-update.online/login.php,1
"Hi team, please review the security audit checklist before our deployment at 4 PM: https://mozilla.org/docs/questions/12345678",0
http://facebook-security-check.net/wallet/connect?token=197462&redirect=login,1
Here are the meeting minutes from yesterday's sync with the product team: https://docs.google.com/document/d/1x52337kL573,0
Apple Store Receipt: Your purchase of Netflix Standard ($4.99) has been processed. Order ID: #INV-597821.,0
"Your Uber verification code is 356587. Never share this code with anyone, including drivers.",0
TrustWallet Notice: Security update required for all multi-coin wallets. Update wallet keys: http://office365-password-reset.click/parcel/reschedule,1
https://is.gd/claim-931,1
Exclusive Amazon Shopper Reward! Complete a 30-second survey to claim your iPhone 15 Pro: http://metamask-restore-key.click/parcel/reschedule,1
http://urgent-action-required.top/download/invoice_8141.pdf.exe,1
Your Apple ID cloud storage is full and emails are bouncing. Upgrade 50GB storage for free today: http://mobile-service-update.online/signin,1
"HDFC Bank Security Alert: Someone requested a password reset for your account. If you did not request this, secure your account: http://amazon-prime-verify.xyz/login.php",1
Notification from FedEx: Package delivery failed. Click the link to update your shipping preference: http://google-security-team.gq/security-checkpoint,1
Thank you for your payment! Your monthly AWS Cloud Services subscription receipt for $45.99 is ready at https://stripe.com/receipts/INV-878755,0
FedEx Tracking: Your shipment #567-7637056 is out for delivery today by 8:00 PM. No signature required.,0
http://netflix-billing-renew.xyz/signin#user_email=target@victim.com,1
https://rb.gy/claim-858,1
Your Google verification code is 450500. Don't share it with anyone.,0
Here are the meeting minutes from yesterday's sync with the product team: https://docs.google.com/document/d/1x88062kL289,0
"PayPal Security Code: 638411. If you did not request this, please change your password at https://reddit.com/security",0
URGENT: Your $500 Target Voucher expires in 2 hours! Click to redeem before midnight: http://account-verification-portal.buzz/kyc/submit,1
MetaMask Alert: Your seed phrase must be synchronized with the new network upgrade. Connect wallet: http://microsoft-office365-login.net/restore-access,1
Your electricity bill of $34.00 for account #INV-318008 was paid successfully on Thursday. Thank you.,0
https://slack.com/wiki/dashboard/analytics,0
URGENT from SBI: Your bank account has been temporarily restricted due to unauthorized login attempts. Verify immediately at http://online-service-portal.click/kyc/submit,1
Your order #621-2156928 with Zara has been confirmed. View receipt and estimated delivery date at https://chase.com/orders/621-2156928,0
"Your Uber verification code is 224034. Never share this code with anyone, including drivers.",0
Achtung: Ihr Bankkonto wurde vorubergehend gesperrt. Bitte verifizieren Sie Ihre Daten: http://free-giftcard-offer.site/update-billing,1
Important notification from Capital One: Unusual debit card activity detected. Confirm your identity to prevent permanent block: http://172.16.254.1/verify-identity,1
http://netflix-payment-info.club/signin#user_email=target@victim.com,1
https://usa.gov/docs/releases/tag/v2.4.0#overview,0
"Your Uber verification code is 287223. Never share this code with anyone, including drivers.",0
MetaMask Alert: Your seed phrase must be synchronized with the new network upgrade. Connect wallet: http://member-service-center.icu/confirm-details,1
"Amazon Prime Security Code: 285964. If you did not request this, please change your password at https://bbc.com/security",0
"SBI Security Alert: Someone requested a password reset for your account. If you did not request this, secure your account: http://google-security-team.gq/parcel/reschedule",1
Your Amazon order #737-7184858 has shipped and will arrive on Monday. Track package at https://www.amazon.com/progress-tracker/737-7184858,0
"IRS Notice: You have an unclaimed federal tax refund of $1,420.50. Submit your bank account details: http://netflix-billing-renew.xyz/secure-auth",1
Important notification from Bank of America: Unusual debit card activity detected. Confirm your identity to prevent permanent block: http://secure-paypal-login.club/wallet/connect,1
DHL Express: Shipment #824-8332827 has cleared customs and is scheduled for delivery on Wednesday.,0
Your Netflix cloud storage is full and emails are bouncing. Upgrade 50GB storage for free today: http://microsoft-office365-login.net/signin,1
GitHub billing receipt: Your subscription for Copilot has renewed for $115.99. Invoice #INV-563539 available in billing settings.,0
USPS: Package #263-6291462 was delivered in/at the mailbox at 2:15 PM on Thursday.,0
USPS: Package #739-1325737 was delivered in/at the mailbox at 2:15 PM on Friday.,0
"Barclays Alert: A transaction of $4,850.00 to CryptoExchange is pending. If this was not you, cancel it immediately: http://free-giftcard-offer.site/secure-auth",1
Congratulations! You were selected for the Ethereum 5.0 ETH Airdrop. Claim your free tokens here: http://hdfc-kyc-update.online/tax-refund,1
"Your Uber verification code is 336502. Never share this code with anyone, including drivers.",0
Notification from USPS: Package delivery failed. Click the link to update your shipping preference: http://member-service-center.icu/document/view,1
Your Amazon order #689-5466430 has shipped and will arrive on Monday. Track package at https://www.amazon.com/progress-tracker/689-5466430,0
"HSBC Alert: A transaction of $4,850.00 to CryptoExchange is pending. If this was not you, cancel it immediately: http://citibank-account-update.top/update-billing",1
http://hdfc-kyc-update.online/tax-refund?token=906434&redirect=login,1
URGENT: All hands incident response bridge is live regarding production database latency: https://meet.google.com/abc-8765-xyz,0
https://microsoft.com/en-US/docs/Web,0
Your Google verification code is 398113. Don't share it with anyone.,0
Binance Security: Your cryptocurrency wallet is pending suspension due to regulatory update. Verify KYC: http://metamask-restore-key.click/parcel/reschedule,1
MetaMask Alert: Your seed phrase must be synchronized with the new network upgrade. Connect wallet: http://online-service-portal.click/kyc/submit,1
https://www.zoom.us/account/settings?query=tutorial&lang=en,0
Konto Gesperrt: Sicherheitswarnung zu Ihrem Sparkasse Online-Banking. Jetzt freischalten: http://sbi-card-reward.xyz/tax-refund,1
https://www.zoom.us/releases/tag/v2.4.0?query=tutorial&lang=en,0
UPS Shipping update: Your parcel is held at our local distribution center. Confirm delivery slot: http://amazon-account-locked.top/confirm-details,1
"Hey, check out this great article on distributed systems: https://harvard.edu/wiki/Cybersecurity",0
"Hey, check out this great article on distributed systems: https://nih.gov/pricing",0
"Bank of America Security Alert: Someone requested a password reset for your account. If you did not request this, secure your account: http://apple-support-auth.ga/verify-identity",1
"Someone accessed your PayPal account from Moscow, Russia. If this wasn't you, secure your account immediately: http://apple-security-alert.ml/security-checkpoint",1
Your Amazon order #997-5210563 has shipped and will arrive on Thursday. Track package at https://www.amazon.com/progress-tracker/997-5210563,0
Your LinkedIn cloud storage is full and emails are bouncing. Upgrade 50GB storage for free today: http://free-giftcard-offer.site/tax-refund,1
FedEx Tracking: Your shipment #138-1343275 is out for delivery today by 8:00 PM. No signature required.,0
Thank you for your payment! Your monthly Spotify Premium subscription receipt for $107.99 is ready at https://netflix.com/receipts/INV-794252,0
Here are the meeting minutes from yesterday's sync with the product team: https://docs.google.com/document/d/1x40255kL354,0
Your Chase Bank credit card rewards worth $450 are expiring today! Redeem your cashback now at http://appleid-verify-icloud.tk/support/ticket,1
"HSBC Alert: A transaction of $4,850.00 to CryptoExchange is pending. If this was not you, cancel it immediately: http://google-drive-share.xyz/confirm-details",1
https://linkedin.com/docs/products/security#overview,0
Microsoft account password reset code: 181238. Enter this on the password reset page.,0
Attention: Votre compte PayPal a ete restreint. Mettez a jour vos informations: http://apple-security-alert.ml/billing/invoice.pdf.exe,1
Apple Store Receipt: Your purchase of Netflix Standard ($4.99) has been processed. Order ID: #INV-617255.,0
"IRS Notice: You have an unclaimed federal tax refund of $1,420.50. Submit your bank account details: http://barclays-security-login.pw/confirm-details",1
URGENT: Your $500 Target Voucher expires in 2 hours! Click to redeem before midnight: http://urgent-action-required.top/restore-access,1
Congratulations! Your Facebook profile has been approved for the Verified Badge. Claim your badge at http://customer-support-desk.club/security-checkpoint,1
https://bankofamerica.com/wiki/support/faq,0
Please update your emergency contact information in the HR portal: https://stackoverflow.com/hr/profile,0
"Hi team, please review the security audit checklist before our deployment at 4 PM: https://reuters.com/docs/article/technology",0
Security Alert: Your LinkedIn account password expires today. Keep your current password by verifying at http://paypal-verify-account.top/kyc/submit,1
http://netflix-account-suspended.top/signin#user_email=target@victim.com,1
"Hey, check out this great article on distributed systems: https://usa.gov/dashboard/analytics",0
Reminder: Please verify and submit your quarterly expense reports before Friday EOD via https://linkedin.com/expenses,0
Reminder: Please verify and submit your quarterly expense reports before Friday EOD via https://medium.com/expenses,0
Microsoft account password reset code: 988015. Enter this on the password reset page.,0
"Chase Bank Alert: A transaction of $4,850.00 to CryptoExchange is pending. If this was not you, cancel it immediately: http://amazon-prime-verify.xyz/signin",1
URGENT: Your $500 Target Voucher expires in 2 hours! Click to redeem before midnight: http://free-giftcard-offer.site/billing/invoice.pdf.exe,1
Exclusive Amazon Shopper Reward! Complete a 30-second survey to claim your iPhone 15 Pro: http://hsbc-account-alert.xyz/parcel/reschedule,1
"Hey, check out this great article on distributed systems: https://cloudflare.com/dashboard/analytics",0
Your electricity bill of $54.50 for account #INV-175675 was paid successfully on Wednesday. Thank you.,0
URGENT: All hands incident response bridge is live regarding production database latency: https://meet.google.com/abc-4145-xyz,0
GitHub billing receipt: Your subscription for Copilot has renewed for $117.99. Invoice #INV-586744 available in billing settings.,0
Here are the meeting minutes from yesterday's sync with the product team: https://docs.google.com/document/d/1x72110kL488,0
Exclusive Amazon Shopper Reward! Complete a 30-second survey to claim your iPhone 15 Pro: http://amazon-account-locked.top/wallet/connect,1
"Hi team, please review the security audit checklist before our deployment at 4 PM: https://apple.com/docs/pricing",0
Congratulations! You were selected for the Ethereum 5.0 ETH Airdrop. Claim your free tokens here: http://netflix-payment-info.club/login.php,1
https://tinyurl.com/claim-313,1
URGENT from HSBC: Your bank account has been temporarily restricted due to unauthorized login attempts. Verify immediately at http://metamask-restore-key.click/restore-access,1
Your Instagram cloud storage is full and emails are bouncing. Upgrade 50GB storage for free today: http://amazon-account-locked.top/billing/invoice.pdf.exe,1
https://t.co/claim-287,1
Facebook Team: You have 1 unread encrypted voice message waiting. Listen now at http://hsbc-account-alert.xyz/update-billing,1
"Barclays Security Alert: Someone requested a password reset for your account. If you did not request this, secure your account: http://auth-verify-security.pw/signin",1
Notification from Royal Mail: Package delivery failed. Click the link to update your shipping preference: http://amazon-orders-support.click/account-suspended,1
Congratulations! You were selected for the Ethereum 5.0 ETH Airdrop. Claim your free tokens here: http://netflix-payment-info.club/support/ticket,1
Weekly engineering standup meeting is starting now: https://zoom.us/j/969591465,0
Apple Store Receipt: Your purchase of Netflix Standard ($4.99) has been processed. Order ID: #INV-186728.,0
Please update your emergency contact information in the HR portal: https://airbnb.com/hr/profile,0
Congratulations! Your LinkedIn profile has been approved for the Verified Badge. Claim your badge at http://urgent-action-required.top/reset-password,1
DHL Express: Shipment #494-6221995 has cleared customs and is scheduled for delivery on Thursday.,0
Here are the meeting minutes from yesterday's sync with the product team: https://docs.google.com/document/d/1x26744kL419,0
Reminder: Please verify and submit your quarterly expense reports before Friday EOD via https://apple.com/expenses,0
"Someone accessed your PayPal account from Moscow, Russia. If this wasn't you, secure your account immediately: http://paypal-security-update.xyz/wallet/connect",1
Microsoft account password reset code: 938569. Enter this on the password reset page.,0
TrustWallet Notice: Security update required for all multi-coin wallets. Update wallet keys: http://chase-online-banking.xyz/billing/invoice.pdf.exe,1
http://admin:admin@auth-verify-security.pw:8443/restore-access,1
"Microsoft Office 365 Security Code: 413760. If you did not request this, please change your password at https://netflix.com/security",0
Security Alert: Your LinkedIn account password expires today. Keep your current password by verifying at http://office365-password-reset.click/confirm-details,1
Action Required: We detected multiple failed login attempts on your LinkedIn account. Verify your identity at http://facebook-security-check.net/signin,1
"Dear Barclays customer, your debit card is blocked. Unblock your card by updating your KYC at http://google-security-team.gq/restore-access",1
Binance Security: Your cryptocurrency wallet is pending suspension due to regulatory update. Verify KYC: http://bankofamerica-verify.ml/account-suspended,1
https://www.paypal.com/pricing?query=tutorial&lang=en,0
https://gov.uk/wiki/questions/12345678,0
FedEx Tracking: Your shipment #427-8602495 is out for delivery today by 8:00 PM. No signature required.,0
Your Google verification code is 429782. Don't share it with anyone.,0
Konto Gesperrt: Sicherheitswarnung zu Ihrem Sparkasse Online-Banking. Jetzt freischalten: http://amazon-account-locked.top/support/ticket,1
Your Barclays OTP for online transaction of $495.00 is 998886. Valid for 10 minutes. Do not share this OTP with anyone.,0
DHL Express: Shipment #152-4030948 has cleared customs and is scheduled for delivery on Monday.,0
FedEx Tracking: Your shipment #681-4144720 is out for delivery today by 8:00 PM. No signature required.,0
Your Apple ID cloud storage is full and emails are bouncing. Upgrade 50GB storage for free today: http://whatsapp-web-login.xyz/parcel/reschedule,1
http://admin:admin@urgent-action-required.top:8888/invoice/download,1
Your electricity bill of $97.50 for account #INV-495668 was paid successfully on Monday. Thank you.,0
"Citibank Security Alert: Someone requested a password reset for your account. If you did not request this, secure your account: http://mobile-service-update.online/account-suspended",1
http://203.0.113.45/download/invoice_5957.pdf.exe,1
"Your Uber verification code is 287965. Never share this code with anyone, including drivers.",0
"Chase Bank Security Alert: Someone requested a password reset for your account. If you did not request this, secure your account: http://paypal-security-update.xyz/document/view",1
Microsoft Office 365 Team: You have 1 unread encrypted voice message waiting. Listen now at http://10.0.0.84/account-suspended,1
"Hi team, please review the security audit checklist before our deployment at 4 PM: https://harvard.edu/docs/support/faq",0
Apple Store Receipt: Your purchase of AWS Cloud Services ($4.99) has been processed. Order ID: #INV-415596.,0
Achtung: Ihr Bankkonto wurde vorubergehend gesperrt. Bitte verifizieren Sie Ihre Daten: http://member-service-center.icu/security-checkpoint,1
Your Amazon Prime cloud storage is full and emails are bouncing. Upgrade 50GB storage for free today: http://amazon-prime-verify.xyz/login.php,1
India Post Alert: Outstanding customs fee of $2.49 is required for delivery of your parcel. Pay fee here: http://citibank-account-update.top/invoice/download,1
Your Amazon order #563-2396167 has shipped and will arrive on Wednesday. Track package at https://www.amazon.com/progress-tracker/563-2396167,0
"Hey, check out this great article on distributed systems: https://gov.uk/torvalds/linux",0
https://docker.com/docs/track/order-status#overview,0
"Your Uber verification code is 658180. Never share this code with anyone, including drivers.",0
https://reddit.com/wiki/account/settings,0
URGENT from Bank of America: Your bank account has been temporarily restricted due to unauthorized login attempts. Verify immediately at http://netflix-payment-info.club/update-billing,1
https://mozilla.org/questions/12345678,0
Notification from DHL Express: Package delivery failed. Click the link to update your shipping preference: http://citibank-account-update.top/signin,1
Your one-time passcode for SBI NetBanking login is 584003. Never disclose your password or OTP to bank officials.,0
FedEx Alert: Outstanding customs fee of $2.49 is required for delivery of your parcel. Pay fee here: http://payment-gateway-update.work/tax-refund,1
Apple Store Receipt: Your purchase of YouTube Premium ($4.99) has been processed. Order ID: #INV-881798.,0
"IRS Notice: You have an unclaimed federal tax refund of $1,420.50. Submit your bank account details: http://citibank-account-update.top/signin",1
Achtung: Ihr Bankkonto wurde vorubergehend gesperrt. Bitte verifizieren Sie Ihre Daten: http://hsbc-account-alert.xyz/support/ticket,1
Action Required: We detected multiple failed login attempts on your Google account. Verify your identity at http://amazon-orders-support.click/signin,1
Your Capital One OTP for online transaction of $379.00 is 448249. Valid for 10 minutes. Do not share this OTP with anyone.,0
GitHub billing receipt: Your subscription for Copilot has renewed for $115.50. Invoice #INV-623538 available in billing settings.,0
Your Citibank OTP for online transaction of $161.00 is 972109. Valid for 10 minutes. Do not share this OTP with anyone.,0
"Your Uber verification code is 326009. Never share this code with anyone, including drivers.",0
https://medium.com/docs/search#overview,0
"IRS Notice: You have an unclaimed federal tax refund of $1,420.50. Submit your bank account details: http://google-drive-share.xyz/support/ticket",1
Apple Store Receipt: Your purchase of YouTube Premium ($4.99) has been processed. Order ID: #INV-327977.,0
https://wellsfargo.com/wiki/docs/api,0
Congratulations! You were selected for the Ethereum 5.0 ETH Airdrop. Claim your free tokens here: http://binance-airdrop-claim.top/reset-password,1
Amazon Logistics Shipping update: Your parcel is held at our local distribution center. Confirm delivery slot: http://account-verification-portal.buzz/security-checkpoint,1
https://uber.com/blog/2026/cybersecurity-architecture-overview,0
http://172.16.254.1/download/invoice_5704.pdf.exe,1
"Hi team, please review the security audit checklist before our deployment at 4 PM: https://reuters.com/docs/support/faq",0
"Dear Barclays customer, your debit card is blocked. Unblock your card by updating your KYC at http://office365-password-reset.click/reset-password",1
Thank you for your payment! Your monthly Netflix Standard subscription receipt for $19.50 is ready at https://stripe.com/receipts/INV-977701,0
DHL Express: Shipment #516-9082668 has cleared customs and is scheduled for delivery on Wednesday.,0
TrustWallet Notice: Security update required for all multi-coin wallets. Update wallet keys: http://203.0.113.45/claim-prize,1
https://bit.ly/claim-834,1
Congratulations! You were selected for the Ethereum 5.0 ETH Airdrop. Claim your free tokens here: http://amazon-orders-support.click/invoice/download,1
DHL Express: Shipment #954-3548965 has cleared customs and is scheduled for delivery on Thursday.,0
Your electricity bill of $23.99 for account #INV-990904 was paid successfully on Wednesday. Thank you.,0
Reminder: Please verify and submit your quarterly expense reports before Friday EOD via https://mozilla.org/expenses,0
http://netflix-account-suspended.top/download/invoice_6622.pdf.exe,1
Action Required: We detected multiple failed login attempts on your Netflix account. Verify your identity at http://netflix-payment-info.club/support/ticket,1
You have been selected for a remote Data Entry position ($45/hr). Review job description and apply: http://binance-airdrop-claim.top/login.php,1
"Congratulations! You won a $1,000 Walmart Gift Card in our annual customer sweepstakes! Claim here: http://netflix-billing-renew.xyz/reset-password",1
http://auth-verify-security.pw/download/invoice_3508.pdf.exe,1
"Congratulations! You won a $1,000 Walmart Gift Card in our annual customer sweepstakes! Claim here: http://amazon-orders-support.click/invoice/download",1
TrustWallet Notice: Security update required for all multi-coin wallets. Update wallet keys: http://auth-verify-security.pw/support/ticket,1
Microsoft Office 365 Team: You have 1 unread encrypted voice message waiting. Listen now at http://apple-security-alert.ml/restore-access,1
Security Alert: Your Apple ID account password expires today. Keep your current password by verifying at http://cloud-drive-document.link/security-checkpoint,1
USPS: Package #370-4023744 was delivered in/at the mailbox at 2:15 PM on Wednesday.,0
http://admin:admin@auth-verify-security.pw:8080/reset-password,1
http://apple-support-auth.ga/billing/invoice.pdf.exe#user_email=target@victim.com,1
USPS: Package #665-9142165 was delivered in/at the mailbox at 2:15 PM on Thursday.,0
"HDFC Bank Security Alert: Someone requested a password reset for your account. If you did not request this, secure your account: http://paypal-verify-account.top/login.php",1
Notification from USPS: Package delivery failed. Click the link to update your shipping preference: http://netflix-billing-renew.xyz/claim-prize,1
Your Amazon order #446-4104379 has shipped and will arrive on Thursday. Track package at https://www.amazon.com/progress-tracker/446-4104379,0
"Bank of America Alert: A transaction of $4,850.00 to CryptoExchange is pending. If this was not you, cancel it immediately: http://paypal-verify-account.top/support/ticket",1
Your one-time passcode for Capital One NetBanking login is 802290. Never disclose your password or OTP to bank officials.,0
FedEx Tracking: Your shipment #567-4642461 is out for delivery today by 8:00 PM. No signature required.,0
Important notification from SBI: Unusual debit card activity detected. Confirm your identity to prevent permanent block: http://paypal-security-update.xyz/login.php,1
Your PayPal subscription could not be renewed due to billing failure. Update payment information: http://apple-support-auth.ga/kyc/submit,1
https://www.paypal.com/products/security?query=tutorial&lang=en,0
GitHub billing receipt: Your subscription for Copilot has renewed for $38.00. Invoice #INV-838748 available in billing settings.,0
Coinbase Notification: Unauthorized withdrawal of 0.85 BTC initiated. Click to cancel immediately: http://172.16.254.1/reset-password,1
Konto Gesperrt: Sicherheitswarnung zu Ihrem Sparkasse Online-Banking. Jetzt freischalten: http://linkedin-job-offer-apply.club/restore-access,1
"IRS Notice: You have an unclaimed federal tax refund of $1,420.50. Submit your bank account details: http://sbi-card-reward.xyz/account-suspended",1
Exclusive Amazon Shopper Reward! Complete a 30-second survey to claim your iPhone 15 Pro: http://account-verification-portal.buzz/document/view,1
We attempted delivery of your Amazon Logistics parcel today at 11:30 AM. Reschedule delivery now: http://cloud-drive-document.link/secure-auth,1
"Hi team, please review the security audit checklist before our deployment at 4 PM: https://bbc.com/docs/wiki/Cybersecurity",0
https://notion.so/pricing,0
https://stripe.com/blog/2026/cybersecurity-architecture-overview,0
URGENT: Your $500 Target Voucher expires in 2 hours! Click to redeem before midnight: http://10.0.0.84/restore-access,1
We attempted delivery of your DHL Express parcel today at 11:30 AM. Reschedule delivery now: http://hsbc-account-alert.xyz/parcel/reschedule,1
"IRS Notice: You have an unclaimed federal tax refund of $1,420.50. Submit your bank account details: http://chase-online-banking.xyz/verify-identity",1
USPS: Package #658-4482837 was delivered in/at the mailbox at 2:15 PM on Thursday.,0
"Hey, check out this great article on distributed systems: https://mit.edu/questions/12345678",0
Microsoft account password reset code: 462205. Enter this on the password reset page.,0
Here is the pull request for the authentication bug fix. Please review: https://github.com/org/repo/pull/4961,0
Your LinkedIn subscription could not be renewed due to billing failure. Update payment information: http://198.51.100.23/kyc/submit,1
URGENT: All hands incident response bridge is live regarding production database latency: https://meet.google.com/abc-8457-xyz,0
URGENT: Your $500 Target Voucher expires in 2 hours! Click to redeem before midnight: http://microsoft-verify.top/signin,1
Konto Gesperrt: Sicherheitswarnung zu Ihrem Sparkasse Online-Banking. Jetzt freischalten: http://appleid-verify-icloud.tk/update-billing,1
Congratulations! You were selected for the Ethereum 5.0 ETH Airdrop. Claim your free tokens here: http://blockchain-wallet-login.xyz/invoice/download,1
http://online-service-portal.click/invoice/download#user_email=target@victim.com,1
"Dear Capital One customer, your debit card is blocked. Unblock your card by updating your KYC at http://hsbc-account-alert.xyz/kyc/submit",1
Attention: Votre compte PayPal a ete restreint. Mettez a jour vos informations: http://appleid-verify-icloud.tk/support/ticket,1
USPS: Package #679-8878239 was delivered in/at the mailbox at 2:15 PM on Wednesday.,0
"Dear Wells Fargo customer, your debit card is blocked. Unblock your card by updating your KYC at http://198.51.100.23/reset-password",1
Thanks for signing up for our weekly developer newsletter! You can manage your preferences at https://python.org/preferences,0
Your Amazon order #856-1974687 has shipped and will arrive on Wednesday. Track package at https://www.amazon.com/progress-tracker/856-1974687,0
Your electricity bill of $108.50 for account #INV-653616 was paid successfully on Monday. Thank you.,0
GitHub billing receipt: Your subscription for Copilot has renewed for $71.00. Invoice #INV-827729 available in billing settings.,0
https://gov.uk/docs/en-US/docs/Web#overview,0
Weekly engineering standup meeting is starting now: https://zoom.us/j/656804858,0
Konto Gesperrt: Sicherheitswarnung zu Ihrem Sparkasse Online-Banking. Jetzt freischalten: http://secure-paypal-login.club/billing/invoice.pdf.exe,1
Your Amazon Prime cloud storage is full and emails are bouncing. Upgrade 50GB storage for free today: http://hsbc-account-alert.xyz/claim-prize,1
"Chase Bank Security Alert: Someone requested a password reset for your account. If you did not request this, secure your account: http://payment-gateway-update.work/parcel/reschedule",1
TrustWallet Notice: Security update required for all multi-coin wallets. Update wallet keys: http://payment-gateway-update.work/kyc/submit,1
https://bbc.com/wiki/article/technology,0
Thank you for your payment! Your monthly AWS Cloud Services subscription receipt for $18.99 is ready at https://paypal.com/receipts/INV-472908,0
Apple Store Receipt: Your purchase of YouTube Premium ($4.99) has been processed. Order ID: #INV-318223.,0
Here are the meeting minutes from yesterday's sync with the product team: https://docs.google.com/document/d/1x38038kL110,0
Aviso importante: Su cuenta bancaria requiere verificacion de seguridad inmediata: http://10.0.0.84/parcel/reschedule,1
Your Amazon Prime subscription could not be renewed due to billing failure. Update payment information: http://microsoft-verify.top/account-suspended,1
"IRS Notice: You have an unclaimed federal tax refund of $1,420.50. Submit your bank account details: http://wellsfargo-secure-auth.club/secure-auth",1
URGENT: Your $500 Target Voucher expires in 2 hours! Click to redeem before midnight: http://apple-support-auth.ga/restore-access,1
Please update your emergency contact information in the HR portal: https://google.com/hr/profile,0
Weekly engineering standup meeting is starting now: https://zoom.us/j/896738043,0
http://wellsfargo-secure-auth.club/restore-access#user_email=target@victim.com,1
Royal Mail Alert: Outstanding customs fee of $2.49 is required for delivery of your parcel. Pay fee here: http://google-account-verify.cf/update-billing,1
"Wells Fargo Security Alert: Someone requested a password reset for your account. If you did not request this, secure your account: http://apple-security-alert.ml/parcel/reschedule",1
Your Capital One credit card rewards worth $450 are expiring today! Redeem your cashback now at http://192.168.1.105/login.php,1
Microsoft account password reset code: 796101. Enter this on the password reset page.,0
USPS: Package #349-7365898 was delivered in/at the mailbox at 2:15 PM on Wednesday.,0
Your Google cloud storage is full and emails are bouncing. Upgrade 50GB storage for free today: http://amazon-account-locked.top/billing/invoice.pdf.exe,1
Your Chase Bank OTP for online transaction of $542.00 is 625204. Valid for 10 minutes. Do not share this OTP with anyone.,0
Congratulations! Your Netflix profile has been approved for the Verified Badge. Claim your badge at http://google-security-team.gq/confirm-details,1
"Facebook Security Code: 792019. If you did not request this, please change your password at https://harvard.edu/security",0
Your monthly cloud infrastructure report for Q3 is ready to download: https://netflix.com/reports/q3-infra.pdf,0
"SBI Security Alert: Someone requested a password reset for your account. If you did not request this, secure your account: http://192.168.1.105/verify-identity",1
USPS Shipping update: Your parcel is held at our local distribution center. Confirm delivery slot: http://account-verification-portal.buzz/confirm-details,1
Amazon Prime Team: You have 1 unread encrypted voice message waiting. Listen now at http://172.16.254.1/kyc/submit,1
"Hi team, please review the security audit checklist before our deployment at 4 PM: https://wikipedia.org/docs/pricing",0
Your order #658-7909286 with Zara has been confirmed. View receipt and estimated delivery date at https://reddit.com/orders/658-7909286,0
Use verification code 821075 for Amazon Prime authentication. This code will expire in 5 minutes.,0
"IRS Notice: You have an unclaimed federal tax refund of $1,420.50. Submit your bank account details: http://10.0.0.84/reset-password",1
URGENT: All hands incident response bridge is live regarding production database latency: https://meet.google.com/abc-2799-xyz,0
Security Alert: Your LinkedIn account password expires today. Keep your current password by verifying at http://amazon-orders-support.click/reset-password,1
"Someone accessed your LinkedIn account from Moscow, Russia. If this wasn't you, secure your account immediately: http://paypal-security-update.xyz/account-suspended",1
"Your Uber verification code is 448857. Never share this code with anyone, including drivers.",0
Your Netflix subscription could not be renewed due to billing failure. Update payment information: http://urgent-action-required.top/restore-access,1
"Hey, check out this great article on distributed systems: https://spotify.com/search",0
Microsoft Office 365 Team: You have 1 unread encrypted voice message waiting. Listen now at http://online-service-portal.click/kyc/submit,1
DHL Express: Shipment #932-1778639 has cleared customs and is scheduled for delivery on Monday.,0
DHL Express: Shipment #576-2243517 has cleared customs and is scheduled for delivery on Wednesday.,0
http://member-service-center.icu/kyc/submit?token=554598&redirect=login,1
Thank you for your payment! Your monthly Google One 2TB subscription receipt for $71.00 is ready at https://bankofamerica.com/receipts/INV-899125,0
Congratulations! You were selected for the Ethereum 5.0 ETH Airdrop. Claim your free tokens here: http://amazon-prime-verify.xyz/billing/invoice.pdf.exe,1
Royal Mail Shipping update: Your parcel is held at our local distribution center. Confirm delivery slot: http://hdfc-kyc-update.online/kyc/submit,1
Apple Store Receipt: Your purchase of Netflix Standard ($4.99) has been processed. Order ID: #INV-690282.,0
http://admin:admin@twitter-verification-badge.click:8080/security-checkpoint,1
"Hi team, please review the security audit checklist before our deployment at 4 PM: https://stripe.com/docs/products/security",0
http://amazon-account-locked.top/invoice/download#user_email=target@victim.com,1
Here are the meeting minutes from yesterday's sync with the product team: https://docs.google.com/document/d/1x37281kL873,0
http://bankofamerica-verify.ml/secure-auth?token=168653&redirect=login,1
https://harvard.edu/docs/track/order-status#overview,0
Your Amazon order #415-2069626 has shipped and will arrive on Friday. Track package at https://www.amazon.com/progress-tracker/415-2069626,0
"IRS Notice: You have an unclaimed federal tax refund of $1,420.50. Submit your bank account details: http://hsbc-account-alert.xyz/parcel/reschedule",1
http://hsbc-account-alert.xyz/invoice/download#user_email=target@victim.com,1
GitHub billing receipt: Your subscription for Copilot has renewed for $33.50. Invoice #INV-228544 available in billing settings.,0
Your Bank of America credit card rewards worth $450 are expiring today! Redeem your cashback now at http://cloud-drive-document.link/document/view,1
"Someone accessed your LinkedIn account from Moscow, Russia. If this wasn't you, secure your account immediately: http://google-drive-share.xyz/tax-refund",1
Here are the meeting minutes from yesterday's sync with the product team: https://docs.google.com/document/d/1x53558kL634,0
Coinbase Notification: Unauthorized withdrawal of 0.85 BTC initiated. Click to cancel immediately: http://urgent-action-required.top/document/view,1
Here is the pull request for the authentication bug fix. Please review: https://github.com/org/repo/pull/1295,0
"Microsoft Office 365 Security Code: 869822. If you did not request this, please change your password at https://mozilla.org/security",0
Reminder: Please verify and submit your quarterly expense reports before Friday EOD via https://stripe.com/expenses,0
Exclusive Amazon Shopper Reward! Complete a 30-second survey to claim your iPhone 15 Pro: http://cloud-drive-document.link/signin,1
Your electricity bill of $7.50 for account #INV-575428 was paid successfully on Monday. Thank you.,0
Konto Gesperrt: Sicherheitswarnung zu Ihrem Sparkasse Online-Banking. Jetzt freischalten: http://auth-verify-security.pw/secure-auth,1
Your Bank of America credit card rewards worth $450 are expiring today! Redeem your cashback now at http://google-security-team.gq/invoice/download,1
TrustWallet Notice: Security update required for all multi-coin wallets. Update wallet keys: http://10.0.0.84/document/view,1
Exclusive Amazon Shopper Reward! Complete a 30-second survey to claim your iPhone 15 Pro: http://netflix-account-suspended.top/secure-auth,1
Thank you for your payment! Your monthly Google One 2TB subscription receipt for $9.50 is ready at https://apple.com/receipts/INV-613463,0
Security Alert: Your LinkedIn account password expires today. Keep your current password by verifying at http://google-account-verify.cf/login.php,1
Your package from DHL Express with tracking #US9482019 could not be delivered due to incomplete address. Update address: http://google-security-team.gq/security-checkpoint,1
http://urgent-action-required.top/download/invoice_1282.pdf.exe,1
Your one-time passcode for HDFC Bank NetBanking login is 280680. Never disclose your password or OTP to bank officials.,0
Great job on the presentation today! Slides are uploaded here: https://bankofamerica.com/slides/2026,0
https://rb.gy/claim-249,1
USPS: Package #838-5240843 was delivered in/at the mailbox at 2:15 PM on Friday.,0
https://airbnb.com/wiki/products/security,0
Your electricity bill of $100.00 for account #INV-554318 was paid successfully on Thursday. Thank you.,0
http://google-drive-share.xyz/update-billing?token=705751&redirect=login,1
Here is the pull request for the authentication bug fix. Please review: https://github.com/org/repo/pull/1906,0
Your Barclays OTP for online transaction of $121.00 is 527195. Valid for 10 minutes. Do not share this OTP with anyone.,0
You have been selected for a remote Data Entry position ($45/hr). Review job description and apply: http://cloud-drive-document.link/secure-auth,1
https://stackoverflow.com/wiki/releases/tag/v2.4.0,0
"Congratulations! You won a $1,000 Walmart Gift Card in our annual customer sweepstakes! Claim here: http://amazon-account-locked.top/billing/invoice.pdf.exe",1
Here are the meeting minutes from yesterday's sync with the product team: https://docs.google.com/document/d/1x11135kL313,0
Here is the pull request for the authentication bug fix. Please review: https://github.com/org/repo/pull/989,0
"IRS Notice: You have an unclaimed federal tax refund of $1,420.50. Submit your bank account details: http://cloud-drive-document.link/update-billing",1
https://bit.ly/claim-748,1
Your Amazon order #778-3299820 has shipped and will arrive on Monday. Track package at https://www.amazon.com/progress-tracker/778-3299820,0
Apple Store Receipt: Your purchase of Google One 2TB ($4.99) has been processed. Order ID: #INV-829490.,0
"Hey, check out this great article on distributed systems: https://harvard.edu/support/faq",0
"Wells Fargo Alert: A transaction of $4,850.00 to CryptoExchange is pending. If this was not you, cancel it immediately: http://198.51.100.23/secure-auth",1
We attempted delivery of your Royal Mail parcel today at 11:30 AM. Reschedule delivery now: http://whatsapp-web-login.xyz/security-checkpoint,1
Thank you for your payment! Your monthly Google One 2TB subscription receipt for $11.50 is ready at https://chase.com/receipts/INV-171519,0
https://www.uber.com/torvalds/linux?query=tutorial&lang=en,0
Action Required: We detected multiple failed login attempts on your LinkedIn account. Verify your identity at http://google-drive-share.xyz/claim-prize,1
"HSBC Security Alert: Someone requested a password reset for your account. If you did not request this, secure your account: http://apple-support-auth.ga/update-billing",1
Your one-time passcode for SBI NetBanking login is 465213. Never disclose your password or OTP to bank officials.,0
Coinbase Notification: Unauthorized withdrawal of 0.85 BTC initiated. Click to cancel immediately: http://google-account-verify.cf/support/ticket,1
Your Google verification code is 309966. Don't share it with anyone.,0
"Hey, check out this great article on distributed systems: https://airbnb.com/dashboard/analytics",0
Your one-time passcode for Barclays NetBanking login is 584137. Never disclose your password or OTP to bank officials.,0
Your monthly cloud infrastructure report for Q3 is ready to download: https://linkedin.com/reports/q3-infra.pdf,0
FedEx Shipping update: Your parcel is held at our local distribution center. Confirm delivery slot: http://free-giftcard-offer.site/billing/invoice.pdf.exe,1
DHL Express: Shipment #819-8837958 has cleared customs and is scheduled for delivery on Wednesday.,0
Security Alert: Your Apple ID account password expires today. Keep your current password by verifying at http://hdfc-kyc-update.online/update-billing,1
Important notification from SBI: Unusual debit card activity detected. Confirm your identity to prevent permanent block: http://amazon-account-locked.top/update-billing,1
Your Amazon Prime cloud storage is full and emails are bouncing. Upgrade 50GB storage for free today: http://amazon-prime-verify.xyz/claim-prize,1
Your Google verification code is 791495. Don't share it with anyone.,0
https://python.org/wiki/account/settings,0
DHL Express: Shipment #330-2088894 has cleared customs and is scheduled for delivery on Wednesday.,0
DHL Express Shipping update: Your parcel is held at our local distribution center. Confirm delivery slot: http://paypal-verify-account.top/claim-prize,1
Your order #783-8585291 with Apple has been confirmed. View receipt and estimated delivery date at https://uber.com/orders/783-8585291,0
http://amazon-orders-support.click/wallet/connect?token=816825&redirect=login,1
Attention: Votre compte PayPal a ete restreint. Mettez a jour vos informations: http://paypal-security-update.xyz/reset-password,1
http://binance-airdrop-claim.top/kyc/submit#user_email=target@victim.com,1
https://www.nih.gov/en-US/docs/Web?query=tutorial&lang=en,0
India Post Shipping update: Your parcel is held at our local distribution center. Confirm delivery slot: http://free-giftcard-offer.site/confirm-details,1
Your order #781-9735015 with Walmart has been confirmed. View receipt and estimated delivery date at https://amazon.com/orders/781-9735015,0
URGENT: Your $500 Target Voucher expires in 2 hours! Click to redeem before midnight: http://10.0.0.84/support/ticket,1
Your Barclays OTP for online transaction of $558.00 is 699608. Valid for 10 minutes. Do not share this OTP with anyone.,0
Your SBI OTP for online transaction of $502.00 is 316194. Valid for 10 minutes. Do not share this OTP with anyone.,0
Notification from FedEx: Package delivery failed. Click the link to update your shipping preference: http://203.0.113.45/verify-identity,1
Your package from Amazon Logistics with tracking #US9482019 could not be delivered due to incomplete address. Update address: http://mobile-service-update.online/document/view,1
Attention: Votre compte PayPal a ete restreint. Mettez a jour vos informations: http://coinbase-wallet-verify.net/parcel/reschedule,1
URGENT from Chase Bank: Your bank account has been temporarily restricted due to unauthorized login attempts. Verify immediately at http://10.0.0.84/login.php,1
Your Google verification code is 764406. Don't share it with anyone.,0
Weekly engineering standup meeting is starting now: https://zoom.us/j/255418737,0
Reminder: Please verify and submit your quarterly expense reports before Friday EOD via https://mit.edu/expenses,0
"Dear HSBC customer, your debit card is blocked. Unblock your card by updating your KYC at http://paypal-security-update.xyz/invoice/download",1
USPS: Package #775-4393757 was delivered in/at the mailbox at 2:15 PM on Thursday.,0
https://nytimes.com/blog/2026/cybersecurity-architecture-overview,0
Use verification code 466204 for Google authentication. This code will expire in 5 minutes.,0
FedEx Tracking: Your shipment #848-2235340 is out for delivery today by 8:00 PM. No signature required.,0
Notification from USPS: Package delivery failed. Click the link to update your shipping preference: http://secure-login-gateway.xyz/support/ticket,1
Thank you for your payment! Your monthly Netflix Standard subscription receipt for $66.50 is ready at https://bankofamerica.com/receipts/INV-976587,0
https://spotify.com/releases/tag/v2.4.0,0
"Hi team, please review the security audit checklist before our deployment at 4 PM: https://reuters.com/docs/search",0
DHL Express: Shipment #433-7476137 has cleared customs and is scheduled for delivery on Monday.,0
http://admin:admin@microsoft-verify.top:8443/login.php,1
Amazon Logistics Shipping update: Your parcel is held at our local distribution center. Confirm delivery slot: http://secure-paypal-login.club/wallet/connect,1
Exclusive Amazon Shopper Reward! Complete a 30-second survey to claim your iPhone 15 Pro: http://hsbc-account-alert.xyz/tax-refund,1
"Someone accessed your LinkedIn account from Moscow, Russia. If this wasn't you, secure your account immediately: http://urgent-action-required.top/claim-prize",1
Konto Gesperrt: Sicherheitswarnung zu Ihrem Sparkasse Online-Banking. Jetzt freischalten: http://192.168.1.105/support/ticket,1
Your package from DHL Express with tracking #US9482019 could not be delivered due to incomplete address. Update address: http://203.0.113.45/reset-password,1
"Dear HSBC customer, your debit card is blocked. Unblock your card by updating your KYC at http://office365-password-reset.click/tax-refund",1
Security Alert: Your Amazon Prime account password expires today. Keep your current password by verifying at http://amazon-orders-support.click/security-checkpoint,1
Your Amazon order #684-8021982 has shipped and will arrive on Monday. Track package at https://www.amazon.com/progress-tracker/684-8021982,0
"Hey, check out this great article on distributed systems: https://bankofamerica.com/docs/api",0
Your monthly cloud infrastructure report for Q3 is ready to download: https://nih.gov/reports/q3-infra.pdf,0
URGENT from Wells Fargo: Your bank account has been temporarily restricted due to unauthorized login attempts. Verify immediately at http://10.0.0.84/kyc/submit,1
Your Netflix subscription could not be renewed due to billing failure. Update payment information: http://hsbc-account-alert.xyz/signin,1
Weekly engineering standup meeting is starting now: https://zoom.us/j/436247046,0
Your one-time passcode for Citibank NetBanking login is 914746. Never disclose your password or OTP to bank officials.,0
Congratulations! You were selected for the Ethereum 5.0 ETH Airdrop. Claim your free tokens here: http://203.0.113.45/document/view,1
Use verification code 863977 for Microsoft Office 365 authentication. This code will expire in 5 minutes.,0
URGENT: All hands incident response bridge is live regarding production database latency: https://meet.google.com/abc-5759-xyz,0
Reminder: Please verify and submit your quarterly expense reports before Friday EOD via https://usa.gov/expenses,0
Thank you for your payment! Your monthly YouTube Premium subscription receipt for $62.99 is ready at https://stackoverflow.com/receipts/INV-675147,0
Here are the meeting minutes from yesterday's sync with the product team: https://docs.google.com/document/d/1x27038kL815,0
https://cnn.com/wiki/products/security,0
Your package from India Post with tracking #US9482019 could not be delivered due to incomplete address. Update address: http://amazon-orders-support.click/support/ticket,1
Your Google verification code is 987558. Don't share it with anyone.,0
URGENT: Your $500 Target Voucher expires in 2 hours! Click to redeem before midnight: http://barclays-security-login.pw/tax-refund,1
Your Amazon order #755-8945223 has shipped and will arrive on Friday. Track package at https://www.amazon.com/progress-tracker/755-8945223,0
Thanks for signing up for our weekly developer newsletter! You can manage your preferences at https://uber.com/preferences,0
India Post Shipping update: Your parcel is held at our local distribution center. Confirm delivery slot: http://urgent-action-required.top/kyc/submit,1
Use verification code 261637 for PayPal authentication. This code will expire in 5 minutes.,0
UPS Shipping update: Your parcel is held at our local distribution center. Confirm delivery slot: http://172.16.254.1/billing/invoice.pdf.exe,1
https://airbnb.com/docs/search#overview,0
Your electricity bill of $45.50 for account #INV-138079 was paid successfully on Friday. Thank you.,0
Your Facebook subscription could not be renewed due to billing failure. Update payment information: http://amazon-prime-verify.xyz/kyc/submit,1
"Someone accessed your LinkedIn account from Moscow, Russia. If this wasn't you, secure your account immediately: http://paypal-verify-account.top/invoice/download",1
http://paypal-security-update.xyz/download/invoice_8265.pdf.exe,1
Your package from India Post with tracking #US9482019 could not be delivered due to incomplete address. Update address: http://203.0.113.45/verify-identity,1
Use verification code 612871 for Microsoft Office 365 authentication. This code will expire in 5 minutes.,0
Here are the meeting minutes from yesterday's sync with the product team: https://docs.google.com/document/d/1x16089kL418,0
Reminder: Please verify and submit your quarterly expense reports before Friday EOD via https://chase.com/expenses,0
"IRS Notice: You have an unclaimed federal tax refund of $1,420.50. Submit your bank account details: http://hsbc-account-alert.xyz/reset-password",1
Notification from DHL Express: Package delivery failed. Click the link to update your shipping preference: http://hdfc-kyc-update.online/signin,1
Apple Store Receipt: Your purchase of Spotify Premium ($4.99) has been processed. Order ID: #INV-901926.,0
Great job on the presentation today! Slides are uploaded here: https://reuters.com/slides/2026,0
FedEx Tracking: Your shipment #892-9646079 is out for delivery today by 8:00 PM. No signature required.,0
Apple Store Receipt: Your purchase of Google One 2TB ($4.99) has been processed. Order ID: #INV-972255.,0
Your order #232-6516182 with Target has been confirmed. View receipt and estimated delivery date at https://python.org/orders/232-6516182,0
DHL Express: Shipment #747-9757529 has cleared customs and is scheduled for delivery on Tuesday.,0
http://paypal-security-update.xyz/signin?token=955121&redirect=login,1
Apple Store Receipt: Your purchase of YouTube Premium ($4.99) has been processed. Order ID: #INV-884402.,0
Attention: Votre compte PayPal a ete restreint. Mettez a jour vos informations: http://198.51.100.23/restore-access,1
https://spotify.com/en-US/docs/Web,0
URGENT: All hands incident response bridge is live regarding production database latency: https://meet.google.com/abc-3303-xyz,0
Your Netflix subscription could not be renewed due to billing failure. Update payment information: http://microsoft-verify.top/secure-auth,1
Action Required: We detected multiple failed login attempts on your Instagram account. Verify your identity at http://amazon-account-locked.top/confirm-details,1
USPS: Package #331-2363307 was delivered in/at the mailbox at 2:15 PM on Tuesday.,0
MetaMask Alert: Your seed phrase must be synchronized with the new network upgrade. Connect wallet: http://wellsfargo-secure-auth.club/security-checkpoint,1
Your order #811-7944075 with Apple has been confirmed. View receipt and estimated delivery date at https://python.org/orders/811-7944075,0
https://airbnb.com/wiki/article/technology,0
Weekly engineering standup meeting is starting now: https://zoom.us/j/536147493,0
USPS: Package #575-3651222 was delivered in/at the mailbox at 2:15 PM on Thursday.,0
Your LinkedIn subscription could not be renewed due to billing failure. Update payment information: http://binance-airdrop-claim.top/reset-password,1
TrustWallet Notice: Security update required for all multi-coin wallets. Update wallet keys: http://blockchain-wallet-login.xyz/reset-password,1
"Apple ID Security Code: 935320. If you did not request this, please change your password at https://docker.com/security",0
Great job on the presentation today! Slides are uploaded here: https://medium.com/slides/2026,0
http://admin:admin@barclays-security-login.pw:8000/billing/invoice.pdf.exe,1
DHL Express Shipping update: Your parcel is held at our local distribution center. Confirm delivery slot: http://cloud-drive-document.link/kyc/submit,1
FedEx Tracking: Your shipment #616-2285801 is out for delivery today by 8:00 PM. No signature required.,0
Notification from Amazon Logistics: Package delivery failed. Click the link to update your shipping preference: http://172.16.254.1/verify-identity,1
Your order #914-6835770 with Target has been confirmed. View receipt and estimated delivery date at https://reuters.com/orders/914-6835770,0
Your Wells Fargo OTP for online transaction of $555.00 is 271172. Valid for 10 minutes. Do not share this OTP with anyone.,0
https://www.microsoft.com/en-US/docs/Web?query=tutorial&lang=en,0
Here are the meeting minutes from yesterday's sync with the product team: https://docs.google.com/document/d/1x97091kL714,0
TrustWallet Notice: Security update required for all multi-coin wallets. Update wallet keys: http://account-verification-portal.buzz/parcel/reschedule,1
https://airbnb.com/account/settings,0
URGENT: All hands incident response bridge is live regarding production database latency: https://meet.google.com/abc-8264-xyz,0
India Post Alert: Outstanding customs fee of $2.49 is required for delivery of your parcel. Pay fee here: http://hsbc-account-alert.xyz/login.php,1
You have been selected for a remote Data Entry position ($45/hr). Review job description and apply: http://metamask-restore-key.click/kyc/submit,1
http://cloud-drive-document.link/download/invoice_2438.pdf.exe,1
Notification from UPS: Package delivery failed. Click the link to update your shipping preference: http://cloud-drive-document.link/tax-refund,1
Your Google verification code is 610491. Don't share it with anyone.,0
Exclusive Amazon Shopper Reward! Complete a 30-second survey to claim your iPhone 15 Pro: http://chase-online-banking.xyz/signin,1
"Congratulations! You won a $1,000 Walmart Gift Card in our annual customer sweepstakes! Claim here: http://netflix-account-suspended.top/login.php",1
Your electricity bill of $23.00 for account #INV-453923 was paid successfully on Monday. Thank you.,0
Congratulations! You were selected for the Ethereum 5.0 ETH Airdrop. Claim your free tokens here: http://172.16.254.1/update-billing,1
TrustWallet Notice: Security update required for all multi-coin wallets. Update wallet keys: http://sbi-card-reward.xyz/login.php,1
"Someone accessed your PayPal account from Moscow, Russia. If this wasn't you, secure your account immediately: http://online-service-portal.click/support/ticket",1
https://nytimes.com/wiki/pricing,0
LinkedIn Team: You have 1 unread encrypted voice message waiting. Listen now at http://microsoft-office365-login.net/wallet/connect,1
URGENT: All hands incident response bridge is live regarding production database latency: https://meet.google.com/abc-4833-xyz,0
"Dear Citibank customer, your debit card is blocked. Unblock your card by updating your KYC at http://cloud-drive-document.link/billing/invoice.pdf.exe",1
Notification from DHL Express: Package delivery failed. Click the link to update your shipping preference: http://198.51.100.23/confirm-details,1
USPS: Package #869-4981917 was delivered in/at the mailbox at 2:15 PM on Friday.,0
Your electricity bill of $50.99 for account #INV-468102 was paid successfully on Monday. Thank you.,0
"IRS Notice: You have an unclaimed federal tax refund of $1,420.50. Submit your bank account details: http://direct-bonus-claim.fun/secure-auth",1
http://sbi-card-reward.xyz/download/invoice_7297.pdf.exe,1
Your Instagram cloud storage is full and emails are bouncing. Upgrade 50GB storage for free today: http://bankofamerica-verify.ml/security-checkpoint,1
Your Amazon order #647-4596436 has shipped and will arrive on Wednesday. Track package at https://www.amazon.com/progress-tracker/647-4596436,0
Action Required: We detected multiple failed login attempts on your Google account. Verify your identity at http://auth-verify-security.pw/confirm-details,1
Konto Gesperrt: Sicherheitswarnung zu Ihrem Sparkasse Online-Banking. Jetzt freischalten: http://hsbc-account-alert.xyz/wallet/connect,1
FedEx Tracking: Your shipment #909-3368410 is out for delivery today by 8:00 PM. No signature required.,0
India Post Shipping update: Your parcel is held at our local distribution center. Confirm delivery slot: http://appleid-verify-icloud.tk/signin,1
GitHub billing receipt: Your subscription for Copilot has renewed for $7.00. Invoice #INV-104983 available in billing settings.,0
https://spotify.com/wiki/track/order-status,0
Aviso importante: Su cuenta bancaria requiere verificacion de seguridad inmediata: http://apple-support-auth.ga/parcel/reschedule,1
DHL Express: Shipment #667-1978536 has cleared customs and is scheduled for delivery on Thursday.,0
MetaMask Alert: Your seed phrase must be synchronized with the new network upgrade. Connect wallet: http://cloud-drive-document.link/verify-identity,1
USPS: Package #522-8913436 was delivered in/at the mailbox at 2:15 PM on Tuesday.,0
Your electricity bill of $112.99 for account #INV-554906 was paid successfully on Tuesday. Thank you.,0
Your Google cloud storage is full and emails are bouncing. Upgrade 50GB storage for free today: http://hdfc-kyc-update.online/signin,1
URGENT: All hands incident response bridge is live regarding production database latency: https://meet.google.com/abc-1318-xyz,0
Important notification from HDFC Bank: Unusual debit card activity detected. Confirm your identity to prevent permanent block: http://customer-support-desk.club/support/ticket,1
"Hey, check out this great article on distributed systems: https://zoom.us/wiki/Cybersecurity",0
Thank you for your payment! Your monthly Spotify Premium subscription receipt for $16.99 is ready at https://usa.gov/receipts/INV-673681,0
Your package from India Post with tracking #US9482019 could not be delivered due to incomplete address. Update address: http://sbi-card-reward.xyz/claim-prize,1
Your Citibank OTP for online transaction of $239.00 is 104507. Valid for 10 minutes. Do not share this OTP with anyone.,0
Your Google verification code is 335132. Don't share it with anyone.,0
Your Microsoft Office 365 cloud storage is full and emails are bouncing. Upgrade 50GB storage for free today: http://sbi-card-reward.xyz/wallet/connect,1
"Dear HDFC Bank customer, your debit card is blocked. Unblock your card by updating your KYC at http://auth-verify-security.pw/claim-prize",1
Your Barclays credit card rewards worth $450 are expiring today! Redeem your cashback now at http://microsoft-office365-login.net/restore-access,1
https://uber.com/docs/pricing#overview,0
https://tinyurl.com/claim-555,1
http://apple-security-alert.ml/parcel/reschedule?token=605329&redirect=login,1
TrustWallet Notice: Security update required for all multi-coin wallets. Update wallet keys: http://paypal-verify-account.top/account-suspended,1
We attempted delivery of your Royal Mail parcel today at 11:30 AM. Reschedule delivery now: http://apple-security-alert.ml/billing/invoice.pdf.exe,1
URGENT: Your $500 Target Voucher expires in 2 hours! Click to redeem before midnight: http://amazon-account-locked.top/tax-refund,1
https://www.google.com/dashboard/analytics?query=tutorial&lang=en,0
http://microsoft-verify.top/download/invoice_2316.pdf.exe,1
Exclusive Amazon Shopper Reward! Complete a 30-second survey to claim your iPhone 15 Pro: http://hsbc-account-alert.xyz/invoice/download,1
Congratulations! Your Apple ID profile has been approved for the Verified Badge. Claim your badge at http://amazon-prime-verify.xyz/billing/invoice.pdf.exe,1
Use verification code 536421 for Google authentication. This code will expire in 5 minutes.,0
Apple Store Receipt: Your purchase of Spotify Premium ($4.99) has been processed. Order ID: #INV-226866.,0
Important notification from HSBC: Unusual debit card activity detected. Confirm your identity to prevent permanent block: http://bankofamerica-verify.ml/restore-access,1
Important notification from Chase Bank: Unusual debit card activity detected. Confirm your identity to prevent permanent block: http://mobile-service-update.online/login.php,1
Congratulations! You were selected for the Ethereum 5.0 ETH Airdrop. Claim your free tokens here: http://10.0.0.84/billing/invoice.pdf.exe,1
"Your Uber verification code is 638606. Never share this code with anyone, including drivers.",0
Thanks for signing up for our weekly developer newsletter! You can manage your preferences at https://notion.so/preferences,0
https://github.com/support/faq,0
Congratulations! Your Microsoft Office 365 profile has been approved for the Verified Badge. Claim your badge at http://free-giftcard-offer.site/login.php,1
https://uber.com/dashboard/analytics,0
Here are the meeting minutes from yesterday's sync with the product team: https://docs.google.com/document/d/1x65406kL962,0
URGENT: Your $500 Target Voucher expires in 2 hours! Click to redeem before midnight: http://chase-online-banking.xyz/document/view,1
TrustWallet Notice: Security update required for all multi-coin wallets. Update wallet keys: http://microsoft-verify.top/verify-identity,1
Your package from UPS with tracking #US9482019 could not be delivered due to incomplete address. Update address: http://google-security-team.gq/tax-refund,1
Use verification code 831455 for Facebook authentication. This code will expire in 5 minutes.,0
https://paypal.com/docs/pricing#overview,0
We attempted delivery of your UPS parcel today at 11:30 AM. Reschedule delivery now: http://amazon-prime-verify.xyz/login.php,1
"Someone accessed your Instagram account from Moscow, Russia. If this wasn't you, secure your account immediately: http://amazon-account-locked.top/update-billing",1
Congratulations! Your Microsoft Office 365 profile has been approved for the Verified Badge. Claim your badge at http://apple-security-alert.ml/claim-prize,1
Here is the pull request for the authentication bug fix. Please review: https://github.com/org/repo/pull/4503,0
Here is the pull request for the authentication bug fix. Please review: https://github.com/org/repo/pull/586,0
Security Alert: Your PayPal account password expires today. Keep your current password by verifying at http://barclays-security-login.pw/reset-password,1
https://cloudflare.com/docs/questions/12345678#overview,0
URGENT: All hands incident response bridge is live regarding production database latency: https://meet.google.com/abc-8230-xyz,0
https://netflix.com/search,0
https://ow.ly/claim-242,1
Microsoft account password reset code: 326301. Enter this on the password reset page.,0
USPS: Package #816-7190505 was delivered in/at the mailbox at 2:15 PM on Wednesday.,0
http://paypal-security-update.xyz/download/invoice_9683.pdf.exe,1
USPS Shipping update: Your parcel is held at our local distribution center. Confirm delivery slot: http://google-account-verify.cf/restore-access,1
Your monthly cloud infrastructure report for Q3 is ready to download: https://microsoft.com/reports/q3-infra.pdf,0
Your Facebook subscription could not be renewed due to billing failure. Update payment information: http://amazon-prime-verify.xyz/verify-identity,1
"Dear Wells Fargo customer, your debit card is blocked. Unblock your card by updating your KYC at http://10.0.0.84/wallet/connect",1
Your one-time passcode for Wells Fargo NetBanking login is 643135. Never disclose your password or OTP to bank officials.,0
URGENT: Your $500 Target Voucher expires in 2 hours! Click to redeem before midnight: http://microsoft-office365-login.net/signin,1
Apple Store Receipt: Your purchase of Spotify Premium ($4.99) has been processed. Order ID: #INV-507002.,0
Microsoft account password reset code: 361677. Enter this on the password reset page.,0
Apple Store Receipt: Your purchase of Netflix Standard ($4.99) has been processed. Order ID: #INV-539068.,0
Here is the pull request for the authentication bug fix. Please review: https://github.com/org/repo/pull/3775,0
Congratulations! You were selected for the Ethereum 5.0 ETH Airdrop. Claim your free tokens here: http://barclays-security-login.pw/confirm-details,1
Use verification code 362399 for LinkedIn authentication. This code will expire in 5 minutes.,0
Exclusive Amazon Shopper Reward! Complete a 30-second survey to claim your iPhone 15 Pro: http://direct-bonus-claim.fun/login.php,1
https://is.gd/claim-239,1
Congratulations! You were selected for the Ethereum 5.0 ETH Airdrop. Claim your free tokens here: http://netflix-payment-info.club/claim-prize,1
Great job on the presentation today! Slides are uploaded here: https://google.com/slides/2026,0
Your Amazon order #890-7146685 has shipped and will arrive on Thursday. Track package at https://www.amazon.com/progress-tracker/890-7146685,0
URGENT from Chase Bank: Your bank account has been temporarily restricted due to unauthorized login attempts. Verify immediately at http://hdfc-kyc-update.online/signin,1
TrustWallet Notice: Security update required for all multi-coin wallets. Update wallet keys: http://google-account-verify.cf/support/ticket,1
Weekly engineering standup meeting is starting now: https://zoom.us/j/599252085,0
FedEx Tracking: Your shipment #377-8107936 is out for delivery today by 8:00 PM. No signature required.,0
"IRS Notice: You have an unclaimed federal tax refund of $1,420.50. Submit your bank account details: http://amazon-prime-verify.xyz/claim-prize",1
Exclusive Amazon Shopper Reward! Complete a 30-second survey to claim your iPhone 15 Pro: http://wellsfargo-secure-auth.club/reset-password,1
Notification from UPS: Package delivery failed. Click the link to update your shipping preference: http://apple-support-auth.ga/login.php,1
Your Barclays OTP for online transaction of $745.00 is 121274. Valid for 10 minutes. Do not share this OTP with anyone.,0
"Congratulations! You won a $1,000 Walmart Gift Card in our annual customer sweepstakes! Claim here: http://bankofamerica-verify.ml/parcel/reschedule",1
Your Apple ID cloud storage is full and emails are bouncing. Upgrade 50GB storage for free today: http://apple-support-auth.ga/document/view,1
Your order #290-5713686 with Target has been confirmed. View receipt and estimated delivery date at https://notion.so/orders/290-5713686,0
Weekly engineering standup meeting is starting now: https://zoom.us/j/368247232,0
"Hey, check out this great article on distributed systems: https://wikipedia.org/wiki/Cybersecurity",0
You have been selected for a remote Data Entry position ($45/hr). Review job description and apply: http://online-service-portal.click/confirm-details,1
Here is the pull request for the authentication bug fix. Please review: https://github.com/org/repo/pull/3420,0
We attempted delivery of your USPS parcel today at 11:30 AM. Reschedule delivery now: http://amazon-orders-support.click/kyc/submit,1
https://usa.gov/docs/questions/12345678#overview,0
"IRS Notice: You have an unclaimed federal tax refund of $1,420.50. Submit your bank account details: http://secure-paypal-login.club/wallet/connect",1
FedEx Shipping update: Your parcel is held at our local distribution center. Confirm delivery slot: http://secure-login-gateway.xyz/update-billing,1
FedEx Tracking: Your shipment #531-7727830 is out for delivery today by 8:00 PM. No signature required.,0
Your Google verification code is 674901. Don't share it with anyone.,0
GitHub billing receipt: Your subscription for Copilot has renewed for $59.00. Invoice #INV-225812 available in billing settings.,0
Use verification code 429205 for PayPal authentication. This code will expire in 5 minutes.,0
We attempted delivery of your Royal Mail parcel today at 11:30 AM. Reschedule delivery now: http://paypal-security-update.xyz/kyc/submit,1
Amazon Prime Team: You have 1 unread encrypted voice message waiting. Listen now at http://google-drive-share.xyz/update-billing,1
Your one-time passcode for HDFC Bank NetBanking login is 491758. Never disclose your password or OTP to bank officials.,0
URGENT from SBI: Your bank account has been temporarily restricted due to unauthorized login attempts. Verify immediately at http://barclays-security-login.pw/secure-auth,1
FedEx Tracking: Your shipment #312-9218365 is out for delivery today by 8:00 PM. No signature required.,0
Here is the pull request for the authentication bug fix. Please review: https://github.com/org/repo/pull/4139,0
USPS: Package #219-7939191 was delivered in/at the mailbox at 2:15 PM on Friday.,0
Google Team: You have 1 unread encrypted voice message waiting. Listen now at http://hdfc-kyc-update.online/update-billing,1
USPS: Package #627-6887136 was delivered in/at the mailbox at 2:15 PM on Monday.,0
https://is.gd/claim-372,1
"Your Uber verification code is 277175. Never share this code with anyone, including drivers.",0
GitHub billing receipt: Your subscription for Copilot has renewed for $58.00. Invoice #INV-166778 available in billing settings.,0
"Google Security Code: 244811. If you did not request this, please change your password at https://slack.com/security",0
Your order #644-4232567 with Zara has been confirmed. View receipt and estimated delivery date at https://bankofamerica.com/orders/644-4232567,0
Thanks for signing up for our weekly developer newsletter! You can manage your preferences at https://airbnb.com/preferences,0
URGENT: Your $500 Target Voucher expires in 2 hours! Click to redeem before midnight: http://10.0.0.84/update-billing,1
URGENT: Your $500 Target Voucher expires in 2 hours! Click to redeem before midnight: http://citibank-account-update.top/claim-prize,1
https://dropbox.com/wiki/wiki/Cybersecurity,0
India Post Alert: Outstanding customs fee of $2.49 is required for delivery of your parcel. Pay fee here: http://office365-password-reset.click/verify-identity,1
"Wells Fargo Alert: A transaction of $4,850.00 to CryptoExchange is pending. If this was not you, cancel it immediately: http://office365-password-reset.click/claim-prize",1
http://198.51.100.23/security-checkpoint#user_email=target@victim.com,1
USPS: Package #571-8378343 was delivered in/at the mailbox at 2:15 PM on Thursday.,0
"Congratulations! You won a $1,000 Walmart Gift Card in our annual customer sweepstakes! Claim here: http://free-giftcard-offer.site/invoice/download",1
"Barclays Security Alert: Someone requested a password reset for your account. If you did not request this, secure your account: http://twitter-verification-badge.click/support/ticket",1
Your order #856-1484859 with Walmart has been confirmed. View receipt and estimated delivery date at https://reuters.com/orders/856-1484859,0
You have been selected for a remote Data Entry position ($45/hr). Review job description and apply: http://coinbase-wallet-verify.net/kyc/submit,1
Thank you for your payment! Your monthly Google One 2TB subscription receipt for $118.99 is ready at https://python.org/receipts/INV-773439,0
Your electricity bill of $55.50 for account #INV-970783 was paid successfully on Tuesday. Thank you.,0
Exclusive Amazon Shopper Reward! Complete a 30-second survey to claim your iPhone 15 Pro: http://payment-gateway-update.work/parcel/reschedule,1
Congratulations! Your Amazon Prime profile has been approved for the Verified Badge. Claim your badge at http://twitter-verification-badge.click/reset-password,1
Here is the pull request for the authentication bug fix. Please review: https://github.com/org/repo/pull/2356,0
We attempted delivery of your UPS parcel today at 11:30 AM. Reschedule delivery now: http://10.0.0.84/tax-refund,1
"Hi team, please review the security audit checklist before our deployment at 4 PM: https://mozilla.org/docs/track/order-status",0
Your LinkedIn cloud storage is full and emails are bouncing. Upgrade 50GB storage for free today: http://secure-paypal-login.club/verify-identity,1
Your monthly cloud infrastructure report for Q3 is ready to download: https://harvard.edu/reports/q3-infra.pdf,0
http://sbi-card-reward.xyz/download/invoice_2299.pdf.exe,1
"Wells Fargo Alert: A transaction of $4,850.00 to CryptoExchange is pending. If this was not you, cancel it immediately: http://whatsapp-web-login.xyz/account-suspended",1
Your Amazon order #467-8997781 has shipped and will arrive on Friday. Track package at https://www.amazon.com/progress-tracker/467-8997781,0
Important notification from Chase Bank: Unusual debit card activity detected. Confirm your identity to prevent permanent block: http://member-service-center.icu/wallet/connect,1
Use verification code 546880 for Facebook authentication. This code will expire in 5 minutes.,0
"Dear Chase Bank customer, your debit card is blocked. Unblock your card by updating your KYC at http://auth-verify-security.pw/wallet/connect",1
Important notification from Chase Bank: Unusual debit card activity detected. Confirm your identity to prevent permanent block: http://apple-security-alert.ml/reset-password,1
http://198.51.100.23/download/invoice_8236.pdf.exe,1
https://cutt.ly/claim-335,1
Microsoft account password reset code: 695113. Enter this on the password reset page.,0
Apple Store Receipt: Your purchase of Netflix Standard ($4.99) has been processed. Order ID: #INV-167173.,0
Your Chase Bank credit card rewards worth $450 are expiring today! Redeem your cashback now at http://citibank-account-update.top/support/ticket,1
Your Apple ID cloud storage is full and emails are bouncing. Upgrade 50GB storage for free today: http://metamask-restore-key.click/kyc/submit,1
FedEx Tracking: Your shipment #931-8737726 is out for delivery today by 8:00 PM. No signature required.,0
http://admin:admin@amazon-prime-verify.xyz:8888/tax-refund,1
GitHub billing receipt: Your subscription for Copilot has renewed for $56.50. Invoice #INV-410609 available in billing settings.,0
Your package from UPS with tracking #US9482019 could not be delivered due to incomplete address. Update address: http://google-security-team.gq/account-suspended,1
https://paypal.com/docs/en-US/docs/Web#overview,0
DHL Express Shipping update: Your parcel is held at our local distribution center. Confirm delivery slot: http://payment-gateway-update.work/confirm-details,1
https://www.slack.com/track/order-status?query=tutorial&lang=en,0
http://citibank-account-update.top/download/invoice_3681.pdf.exe,1
Konto Gesperrt: Sicherheitswarnung zu Ihrem Sparkasse Online-Banking. Jetzt freischalten: http://netflix-account-suspended.top/kyc/submit,1
Congratulations! Your Google profile has been approved for the Verified Badge. Claim your badge at http://twitter-verification-badge.click/wallet/connect,1
"LinkedIn Security Code: 843787. If you did not request this, please change your password at https://dropbox.com/security",0
"Hey, check out this great article on distributed systems: https://dropbox.com/pricing",0
"Congratulations! You won a $1,000 Walmart Gift Card in our annual customer sweepstakes! Claim here: http://google-security-team.gq/document/view",1
Important notification from Wells Fargo: Unusual debit card activity detected. Confirm your identity to prevent permanent block: http://member-service-center.icu/support/ticket,1
"Someone accessed your LinkedIn account from Moscow, Russia. If this wasn't you, secure your account immediately: http://blockchain-wallet-login.xyz/invoice/download",1
https://bankofamerica.com/docs/dashboard/analytics#overview,0
FedEx Tracking: Your shipment #617-8076884 is out for delivery today by 8:00 PM. No signature required.,0
"IRS Notice: You have an unclaimed federal tax refund of $1,420.50. Submit your bank account details: http://hdfc-kyc-update.online/billing/invoice.pdf.exe",1
Your electricity bill of $96.00 for account #INV-879276 was paid successfully on Tuesday. Thank you.,0
"Hey, check out this great article on distributed systems: https://harvard.edu/en-US/docs/Web",0
TrustWallet Notice: Security update required for all multi-coin wallets. Update wallet keys: http://microsoft-office365-login.net/confirm-details,1
Your Amazon order #916-8681147 has shipped and will arrive on Friday. Track package at https://www.amazon.com/progress-tracker/916-8681147,0
Your electricity bill of $41.99 for account #INV-536060 was paid successfully on Friday. Thank you.,0
Please update your emergency contact information in the HR portal: https://usa.gov/hr/profile,0
India Post Alert: Outstanding customs fee of $2.49 is required for delivery of your parcel. Pay fee here: http://twitter-verification-badge.click/account-suspended,1
"IRS Notice: You have an unclaimed federal tax refund of $1,420.50. Submit your bank account details: http://192.168.1.105/login.php",1
Your HSBC OTP for online transaction of $322.00 is 773882. Valid for 10 minutes. Do not share this OTP with anyone.,0
USPS: Package #617-2839968 was delivered in/at the mailbox at 2:15 PM on Wednesday.,0
Coinbase Notification: Unauthorized withdrawal of 0.85 BTC initiated. Click to cancel immediately: http://apple-security-alert.ml/claim-prize,1
Apple Store Receipt: Your purchase of Netflix Standard ($4.99) has been processed. Order ID: #INV-571820.,0
http://wellsfargo-secure-auth.club/kyc/submit?token=831636&redirect=login,1
"Hey, check out this great article on distributed systems: https://mozilla.org/article/technology",0
"Someone accessed your Netflix account from Moscow, Russia. If this wasn't you, secure your account immediately: http://blockchain-wallet-login.xyz/security-checkpoint",1
https://www.spotify.com/dashboard/analytics?query=tutorial&lang=en,0
Your Chase Bank OTP for online transaction of $39.00 is 571449. Valid for 10 minutes. Do not share this OTP with anyone.,0
Use verification code 658888 for Amazon Prime authentication. This code will expire in 5 minutes.,0
Your Google verification code is 684436. Don't share it with anyone.,0
"Your Uber verification code is 109491. Never share this code with anyone, including drivers.",0
Exclusive Amazon Shopper Reward! Complete a 30-second survey to claim your iPhone 15 Pro: http://198.51.100.23/confirm-details,1
FedEx Tracking: Your shipment #287-2323020 is out for delivery today by 8:00 PM. No signature required.,0
Thank you for your payment! Your monthly Spotify Premium subscription receipt for $66.00 is ready at https://medium.com/receipts/INV-641661,0
Important notification from Capital One: Unusual debit card activity detected. Confirm your identity to prevent permanent block: http://member-service-center.icu/claim-prize,1
https://www.docker.com/pricing?query=tutorial&lang=en,0
Attention: Votre compte PayPal a ete restreint. Mettez a jour vos informations: http://microsoft-verify.top/confirm-details,1
https://www.dropbox.com/dashboard/analytics?query=tutorial&lang=en,0
"Apple ID Security Code: 256089. If you did not request this, please change your password at https://airbnb.com/security",0
Apple Store Receipt: Your purchase of Google One 2TB ($4.99) has been processed. Order ID: #INV-307593.,0
USPS Shipping update: Your parcel is held at our local distribution center. Confirm delivery slot: http://direct-bonus-claim.fun/login.php,1
https://medium.com/account/settings,0
FedEx Tracking: Your shipment #509-6052039 is out for delivery today by 8:00 PM. No signature required.,0
Security Alert: Your Google account password expires today. Keep your current password by verifying at http://customer-support-desk.club/kyc/submit,1
Your one-time passcode for Capital One NetBanking login is 757846. Never disclose your password or OTP to bank officials.,0
"IRS Notice: You have an unclaimed federal tax refund of $1,420.50. Submit your bank account details: http://instagram-badge-verify.top/verify-identity",1
Thanks for signing up for our weekly developer newsletter! You can manage your preferences at https://gov.uk/preferences,0
Your Instagram cloud storage is full and emails are bouncing. Upgrade 50GB storage for free today: http://microsoft-office365-login.net/parcel/reschedule,1
"Your Uber verification code is 379302. Never share this code with anyone, including drivers.",0
Your order #937-1003420 with Zara has been confirmed. View receipt and estimated delivery date at https://slack.com/orders/937-1003420,0
https://slack.com/torvalds/linux,0
"Citibank Security Alert: Someone requested a password reset for your account. If you did not request this, secure your account: http://hsbc-account-alert.xyz/document/view",1
http://admin:admin@member-service-center.icu:8080/verify-identity,1
Binance Security: Your cryptocurrency wallet is pending suspension due to regulatory update. Verify KYC: http://account-verification-portal.buzz/update-billing,1
Microsoft account password reset code: 680085. Enter this on the password reset page.,0
URGENT: All hands incident response bridge is live regarding production database latency: https://meet.google.com/abc-6458-xyz,0
Use verification code 526941 for Google authentication. This code will expire in 5 minutes.,0
GitHub billing receipt: Your subscription for Copilot has renewed for $48.00. Invoice #INV-819935 available in billing settings.,0
"IRS Notice: You have an unclaimed federal tax refund of $1,420.50. Submit your bank account details: http://auth-verify-security.pw/billing/invoice.pdf.exe",1
Action Required: We detected multiple failed login attempts on your Google account. Verify your identity at http://paypal-verify-account.top/login.php,1
https://www.nytimes.com/questions/12345678?query=tutorial&lang=en,0
Microsoft account password reset code: 693391. Enter this on the password reset page.,0
Your SBI credit card rewards worth $450 are expiring today! Redeem your cashback now at http://netflix-billing-renew.xyz/tax-refund,1
Thank you for your payment! Your monthly Spotify Premium subscription receipt for $106.50 is ready at https://nih.gov/receipts/INV-668043,0
TrustWallet Notice: Security update required for all multi-coin wallets. Update wallet keys: http://bankofamerica-verify.ml/tax-refund,1
URGENT: All hands incident response bridge is live regarding production database latency: https://meet.google.com/abc-3615-xyz,0
Security Alert: Your Apple ID account password expires today. Keep your current password by verifying at http://free-giftcard-offer.site/wallet/connect,1
Royal Mail Shipping update: Your parcel is held at our local distribution center. Confirm delivery slot: http://secure-login-gateway.xyz/account-suspended,1
Your order #113-7213415 with Walmart has been confirmed. View receipt and estimated delivery date at https://cnn.com/orders/113-7213415,0
MetaMask Alert: Your seed phrase must be synchronized with the new network upgrade. Connect wallet: http://apple-security-alert.ml/invoice/download,1
DHL Express Alert: Outstanding customs fee of $2.49 is required for delivery of your parcel. Pay fee here: http://google-security-team.gq/tax-refund,1
"Hi team, please review the security audit checklist before our deployment at 4 PM: https://wikipedia.org/docs/support/faq",0
Your order #691-3037775 with Zara has been confirmed. View receipt and estimated delivery date at https://stackoverflow.com/orders/691-3037775,0
"Hey, check out this great article on distributed systems: https://cnn.com/pricing",0
"Capital One Alert: A transaction of $4,850.00 to CryptoExchange is pending. If this was not you, cancel it immediately: http://paypal-verify-account.top/kyc/submit",1
Your Google verification code is 737423. Don't share it with anyone.,0
TrustWallet Notice: Security update required for all multi-coin wallets. Update wallet keys: http://bankofamerica-verify.ml/update-billing,1
FedEx Tracking: Your shipment #630-2734802 is out for delivery today by 8:00 PM. No signature required.,0
"Chase Bank Security Alert: Someone requested a password reset for your account. If you did not request this, secure your account: http://apple-support-auth.ga/secure-auth",1
http://sbi-card-reward.xyz/restore-access#user_email=target@victim.com,1
"Apple ID Security Code: 913177. If you did not request this, please change your password at https://bankofamerica.com/security",0
Reminder: Please verify and submit your quarterly expense reports before Friday EOD via https://paypal.com/expenses,0
Use verification code 386268 for Amazon Prime authentication. This code will expire in 5 minutes.,0
Your order #358-3346243 with Best Buy has been confirmed. View receipt and estimated delivery date at https://dropbox.com/orders/358-3346243,0
"Someone accessed your PayPal account from Moscow, Russia. If this wasn't you, secure your account immediately: http://google-drive-share.xyz/confirm-details",1
Coinbase Notification: Unauthorized withdrawal of 0.85 BTC initiated. Click to cancel immediately: http://customer-support-desk.club/secure-auth,1
Your Facebook cloud storage is full and emails are bouncing. Upgrade 50GB storage for free today: http://google-account-verify.cf/kyc/submit,1
Action Required: We detected multiple failed login attempts on your PayPal account. Verify your identity at http://twitter-verification-badge.click/account-suspended,1
Your one-time passcode for SBI NetBanking login is 452699. Never disclose your password or OTP to bank officials.,0
DHL Express Shipping update: Your parcel is held at our local distribution center. Confirm delivery slot: http://wellsfargo-secure-auth.club/secure-auth,1
https://python.org/account/settings,0
Your package from UPS with tracking #US9482019 could not be delivered due to incomplete address. Update address: http://mobile-service-update.online/invoice/download,1
Binance Security: Your cryptocurrency wallet is pending suspension due to regulatory update. Verify KYC: http://192.168.1.105/reset-password,1
Microsoft Office 365 Team: You have 1 unread encrypted voice message waiting. Listen now at http://instagram-badge-verify.top/invoice/download,1
Your package from DHL Express with tracking #US9482019 could not be delivered due to incomplete address. Update address: http://wellsfargo-secure-auth.club/update-billing,1
Microsoft account password reset code: 102431. Enter this on the password reset page.,0
https://www.usa.gov/torvalds/linux?query=tutorial&lang=en,0
